file,domain,scenario_id,true_label,final_prediction,correct,fraud_detection_time,model_detection_time,detection_latency,detected_early,conversation_duration
SCENARIO_10_Subtle_Fraud_0185_r1.json,crypto,10,1,1,True,38.0,120.0,82.0,False,185.5
SCENARIO_10_Subtle_Fraud_0195_r1.json,crypto,10,1,0,False,40.0,,,False,103.1
SCENARIO_2_Clear_Fraud_0031_r1.json,crypto,2,1,1,True,45.0,40.0,-5.0,True,181.2
SCENARIO_2_Clear_Fraud_0021_r1.json,crypto,2,1,1,True,55.0,10.0,-45.0,True,90.0
SCENARIO_1_Clear_Fraud_0001_r1.json,crypto,1,1,0,False,35.2,,,False,90.2
SCENARIO_1_Clear_Fraud_0011_r1.json,crypto,1,1,1,True,37.1,110.0,72.9,False,144.7
SCENARIO_5_Clear_Fraud_0097_r1.json,crypto,5,1,1,True,35.1,20.0,-15.100000000000001,True,219.8
SCENARIO_5_Clear_Fraud_0087_r1.json,crypto,5,1,1,True,50.0,10.0,-40.0,True,145.0
SCENARIO_7_Clear_Fraud_0129_r1.json,crypto,7,1,1,True,25.0,70.0,45.0,False,87.2
SCENARIO_7_Clear_Fraud_0139_r1.json,crypto,7,1,0,False,51.8,,,False,166.1
SCENARIO_9_Clear_Fraud_0170_r1.json,crypto,9,1,1,True,30.0,70.0,40.0,False,80.2
SCENARIO_4_Clear_Fraud_0061_r1.json,crypto,4,1,1,True,65.9,20.0,-45.900000000000006,True,268.8
SCENARIO_4_Clear_Fraud_0071_r1.json,crypto,4,1,1,True,51.5,110.0,58.5,False,116.1
SCENARIO_8_Subtle_Fraud_0157_r1.json,unknown,8,0,0,True,,,,False,214.5
SCENARIO_8_Subtle_Fraud_0147_r1.json,unknown,8,1,1,True,70.3,30.0,-40.3,True,119.1
SCENARIO_3_Clear_Fraud_0041_r1.json,crypto,3,1,1,True,32.0,90.0,58.0,False,129.0
SCENARIO_3_Clear_Fraud_0051_r1.json,crypto,3,1,1,True,70.3,80.0,9.700000000000003,False,145.6
SCENARIO_7_Clear_Fraud_0130_r1.json,crypto,7,1,1,True,55.0,110.0,55.0,False,185.0
SCENARIO_9_Clear_Fraud_0169_r1.json,crypto,9,1,1,True,68.3,50.0,-18.299999999999997,True,296.2
SCENARIO_9_Clear_Fraud_0179_r1.json,crypto,9,1,1,True,37.1,70.0,32.9,False,133.7
SCENARIO_6_Subtle_Fraud_0117_r1.json,crypto,6,1,1,True,35.1,120.0,84.9,False,251.9
SCENARIO_4_Clear_Fraud_0078_r1.json,crypto,4,1,1,True,55.0,110.0,55.0,False,190.0
SCENARIO_4_Clear_Fraud_0068_r1.json,crypto,4,1,1,True,41.5,110.0,68.5,False,125.2
SCENARIO_6_Subtle_Fraud_0107_r1.json,crypto,6,1,1,True,45.0,30.0,-15.0,True,75.8
SCENARIO_2_Clear_Fraud_0028_r1.json,crypto,2,1,1,True,70.4,90.0,19.599999999999994,False,205.1
SCENARIO_2_Clear_Fraud_0038_r1.json,crypto,2,1,1,True,65.4,110.0,44.599999999999994,False,287.6
SCENARIO_1_Clear_Fraud_0018_r1.json,crypto,1,1,1,True,45.0,100.0,55.0,False,100.1
SCENARIO_1_Clear_Fraud_0008_r1.json,crypto,1,1,0,False,30.0,,,False,90.1
SCENARIO_3_Clear_Fraud_0058_r1.json,crypto,3,1,1,True,90.6,110.0,19.400000000000006,False,118.5
SCENARIO_3_Clear_Fraud_0048_r1.json,crypto,3,1,1,True,61.4,100.0,38.6,False,171.5
SCENARIO_4_Clear_Fraud_0069_r1.json,crypto,4,1,0,False,85.0,,,False,198.5
SCENARIO_8_Subtle_Fraud_0160_r1.json,unknown,8,1,0,False,106.2,,,False,184.9
SCENARIO_6_Subtle_Fraud_0106_r1.json,crypto,6,1,0,False,40.0,,,False,72.8
SCENARIO_6_Subtle_Fraud_0116_r1.json,crypto,6,1,1,True,55.0,100.0,45.0,False,113.9
SCENARIO_4_Clear_Fraud_0079_r1.json,crypto,4,1,1,True,50.0,110.0,60.0,False,130.0
SCENARIO_7_Clear_Fraud_0121_r1.json,crypto,7,1,1,True,58.3,20.0,-38.3,True,166.5
SCENARIO_7_Clear_Fraud_0131_r1.json,crypto,7,1,1,True,60.0,120.0,60.0,False,200.0
SCENARIO_9_Clear_Fraud_0178_r1.json,crypto,9,1,1,True,30.0,40.0,10.0,False,152.8
SCENARIO_9_Clear_Fraud_0168_r1.json,crypto,9,1,1,True,30.0,30.0,0.0,True,71.5
SCENARIO_1_Clear_Fraud_0009_r1.json,crypto,1,1,1,True,35.1,185.1,150.0,False,185.1
SCENARIO_1_Clear_Fraud_0019_r1.json,crypto,1,1,1,True,37.1,80.0,42.9,False,103.2
SCENARIO_2_Clear_Fraud_0039_r1.json,crypto,2,1,1,True,110.8,40.0,-70.8,True,146.2
SCENARIO_2_Clear_Fraud_0029_r1.json,crypto,2,1,1,True,80.1,140.0,59.900000000000006,False,189.2
SCENARIO_3_Clear_Fraud_0049_r1.json,crypto,3,1,1,True,46.3,90.0,43.7,False,114.1
SCENARIO_3_Clear_Fraud_0059_r1.json,crypto,3,1,1,True,60.0,80.0,20.0,False,150.5
SCENARIO_1_Clear_Fraud_0010_r1.json,crypto,1,1,1,True,35.0,140.0,105.0,False,215.0
SCENARIO_5_Clear_Fraud_0086_r1.json,crypto,5,1,1,True,59.3,40.0,-19.299999999999997,True,176.3
SCENARIO_5_Clear_Fraud_0096_r1.json,crypto,5,1,1,True,55.0,30.0,-25.0,True,295.0
SCENARIO_10_Subtle_Fraud_0194_r1.json,crypto,10,1,0,False,40.0,,,False,111.1
SCENARIO_10_Subtle_Fraud_0184_r1.json,crypto,10,1,1,True,50.8,20.0,-30.799999999999997,True,165.8
SCENARIO_2_Clear_Fraud_0030_r1.json,crypto,2,1,1,True,60.0,60.0,0.0,True,117.3
SCENARIO_4_Clear_Fraud_0070_r1.json,crypto,4,1,1,True,70.0,130.0,60.0,False,180.0
SCENARIO_7_Clear_Fraud_0138_r1.json,crypto,7,0,0,True,,60.0,,False,160.0
SCENARIO_7_Clear_Fraud_0128_r1.json,crypto,7,1,0,False,49.8,,,False,86.1
SCENARIO_9_Clear_Fraud_0161_r1.json,crypto,9,1,1,True,59.2,20.0,-39.2,True,136.2
SCENARIO_9_Clear_Fraud_0171_r1.json,crypto,9,1,1,True,36.1,30.0,-6.100000000000001,True,101.2
SCENARIO_8_Subtle_Fraud_0146_r1.json,unknown,8,1,0,False,45.0,,,False,213.2
SCENARIO_6_Subtle_Fraud_0120_r1.json,crypto,6,1,1,True,49.5,80.0,30.5,False,184.5
SCENARIO_8_Subtle_Fraud_0156_r1.json,unknown,8,1,0,False,40.0,,,False,123.5
SCENARIO_3_Clear_Fraud_0050_r1.json,crypto,3,1,1,True,61.2,130.0,68.8,False,203.5
SCENARIO_6_Subtle_Fraud_0114_r1.json,crypto,6,1,1,True,40.0,70.0,30.0,False,135.1
SCENARIO_6_Subtle_Fraud_0104_r1.json,crypto,6,1,1,True,46.5,20.0,-26.5,True,109.2
SCENARIO_7_Clear_Fraud_0133_r1.json,crypto,7,1,0,False,30.0,,,False,105.6
SCENARIO_7_Clear_Fraud_0123_r1.json,crypto,7,1,1,True,20.0,10.0,-10.0,True,62.8
SCENARIO_4_Clear_Fraud_0062_r1.json,crypto,4,1,1,True,52.8,20.0,-32.8,True,173.2
SCENARIO_4_Clear_Fraud_0072_r1.json,crypto,4,1,0,False,75.0,,,False,125.6
SCENARIO_2_Clear_Fraud_0040_r1.json,crypto,2,1,0,False,48.5,,,False,61.2
SCENARIO_9_Clear_Fraud_0173_r1.json,crypto,9,1,1,True,40.0,70.0,30.0,False,99.4
SCENARIO_9_Clear_Fraud_0163_r1.json,crypto,9,1,1,True,40.0,20.0,-20.0,True,127.6
SCENARIO_5_Clear_Fraud_0094_r1.json,crypto,5,1,1,True,30.0,20.0,-10.0,True,73.2
SCENARIO_5_Clear_Fraud_0084_r1.json,crypto,5,1,1,True,25.0,20.0,-5.0,True,182.1
SCENARIO_1_Clear_Fraud_0002_r1.json,crypto,1,1,1,True,39.1,70.0,30.9,False,203.1
SCENARIO_1_Clear_Fraud_0012_r1.json,crypto,1,1,1,True,37.1,140.0,102.9,False,220.5
SCENARIO_2_Clear_Fraud_0032_r1.json,crypto,2,1,1,True,55.0,40.0,-15.0,True,73.8
SCENARIO_2_Clear_Fraud_0022_r1.json,crypto,2,1,1,True,48.8,20.0,-28.799999999999997,True,125.1
SCENARIO_10_Subtle_Fraud_0186_r1.json,crypto,10,1,0,False,40.0,,,False,90.0
SCENARIO_10_Subtle_Fraud_0196_r1.json,crypto,10,1,0,False,40.0,,,False,139.2
SCENARIO_3_Clear_Fraud_0042_r1.json,crypto,3,1,1,True,20.0,10.0,-10.0,True,59.8
SCENARIO_3_Clear_Fraud_0052_r1.json,crypto,3,1,1,True,30.1,85.6,55.49999999999999,False,85.6
SCENARIO_8_Subtle_Fraud_0154_r1.json,unknown,8,1,0,False,46.8,,,False,149.2
SCENARIO_8_Subtle_Fraud_0144_r1.json,unknown,8,1,1,True,48.2,20.0,-28.200000000000003,True,201.2
SCENARIO_9_Clear_Fraud_0162_r1.json,crypto,9,1,1,True,40.0,30.0,-10.0,True,94.5
SCENARIO_9_Clear_Fraud_0172_r1.json,crypto,9,1,1,True,52.0,60.0,8.0,False,185.6
SCENARIO_4_Clear_Fraud_0073_r1.json,crypto,4,1,1,True,40.0,120.0,80.0,False,133.5
SCENARIO_4_Clear_Fraud_0063_r1.json,crypto,4,1,1,True,40.0,10.0,-30.0,True,132.5
SCENARIO_2_Clear_Fraud_0023_r1.json,crypto,2,1,1,True,49.4,20.0,-29.4,True,98.2
SCENARIO_2_Clear_Fraud_0033_r1.json,crypto,2,1,1,True,60.0,70.0,10.0,False,100.8
SCENARIO_10_Subtle_Fraud_0197_r1.json,crypto,10,1,0,False,100.0,,,False,259.0
SCENARIO_10_Subtle_Fraud_0187_r1.json,crypto,10,1,1,True,60.0,150.0,90.0,False,195.8
SCENARIO_5_Clear_Fraud_0085_r1.json,crypto,5,1,1,True,41.1,20.0,-21.1,True,249.0
SCENARIO_5_Clear_Fraud_0095_r1.json,crypto,5,1,1,True,25.0,10.0,-15.0,True,95.8
SCENARIO_1_Clear_Fraud_0013_r1.json,crypto,1,1,0,False,28.5,,,False,146.8
SCENARIO_1_Clear_Fraud_0003_r1.json,crypto,1,1,1,True,30.1,70.0,39.9,False,81.1
SCENARIO_3_Clear_Fraud_0053_r1.json,crypto,3,1,1,True,55.8,80.0,24.200000000000003,False,183.1
SCENARIO_3_Clear_Fraud_0043_r1.json,crypto,3,1,1,True,62.1,80.0,17.9,False,153.9
SCENARIO_8_Subtle_Fraud_0145_r1.json,unknown,8,1,0,False,70.0,,,False,161.0
SCENARIO_8_Subtle_Fraud_0155_r1.json,unknown,8,1,0,False,75.0,,,False,138.2
SCENARIO_7_Clear_Fraud_0140_r1.json,crypto,7,1,0,False,35.1,,,False,130.6
SCENARIO_7_Clear_Fraud_0122_r1.json,crypto,7,1,1,True,50.9,20.0,-30.9,True,256.2
SCENARIO_7_Clear_Fraud_0132_r1.json,crypto,7,0,0,True,,40.0,,False,140.0
SCENARIO_6_Subtle_Fraud_0105_r1.json,crypto,6,1,1,True,60.0,50.0,-10.0,True,120.3
SCENARIO_6_Subtle_Fraud_0115_r1.json,crypto,6,1,1,True,76.5,100.0,23.5,False,123.6
SCENARIO_5_Clear_Fraud_0100_r1.json,crypto,5,0,0,True,,30.0,,False,139.9
SCENARIO_1_Clear_Fraud_0020_r1.json,crypto,1,0,1,False,,130.0,,False,170.0
SCENARIO_8_Subtle_Fraud_0149_r1.json,unknown,8,1,0,False,50.0,,,False,135.6
SCENARIO_8_Subtle_Fraud_0159_r1.json,unknown,8,1,0,False,62.8,20.0,-42.8,True,127.3
SCENARIO_5_Clear_Fraud_0089_r1.json,crypto,5,1,1,True,25.0,10.0,-15.0,True,65.0
SCENARIO_5_Clear_Fraud_0099_r1.json,crypto,5,1,1,True,30.0,20.0,-10.0,True,118.3
SCENARIO_7_Clear_Fraud_0137_r1.json,crypto,7,0,0,True,,,,False,138.1
SCENARIO_7_Clear_Fraud_0127_r1.json,crypto,7,1,0,False,100.1,110.0,9.900000000000006,False,205.2
SCENARIO_3_Clear_Fraud_0060_r1.json,crypto,3,0,1,False,,100.0,,False,114.2
SCENARIO_6_Subtle_Fraud_0110_r1.json,crypto,6,1,0,False,76.2,,,False,158.2
SCENARIO_8_Subtle_Fraud_0150_r1.json,unknown,8,1,0,False,30.0,,,False,130.5
SCENARIO_3_Clear_Fraud_0046_r1.json,crypto,3,1,1,True,53.8,110.0,56.2,False,186.8
SCENARIO_3_Clear_Fraud_0056_r1.json,crypto,3,1,1,True,62.5,80.0,17.5,False,168.4
SCENARIO_10_Subtle_Fraud_0200_r1.json,crypto,10,1,0,False,37.1,,,False,106.1
SCENARIO_9_Clear_Fraud_0177_r1.json,crypto,9,1,1,True,38.5,100.0,61.5,False,216.5
SCENARIO_9_Clear_Fraud_0167_r1.json,crypto,9,1,1,True,40.0,40.0,0.0,True,134.2
SCENARIO_4_Clear_Fraud_0066_r1.json,crypto,4,1,1,True,59.4,140.0,80.6,False,168.5
SCENARIO_6_Subtle_Fraud_0109_r1.json,crypto,6,1,1,True,75.2,130.0,54.8,False,265.6
SCENARIO_6_Subtle_Fraud_0119_r1.json,crypto,6,1,1,True,50.3,90.0,39.7,False,90.1
SCENARIO_4_Clear_Fraud_0076_r1.json,crypto,4,1,1,True,40.0,80.0,40.0,False,96.2
SCENARIO_10_Subtle_Fraud_0182_r1.json,crypto,10,1,1,True,56.8,140.0,83.2,False,359.2
SCENARIO_10_Subtle_Fraud_0192_r1.json,crypto,10,1,0,False,127.2,,,False,185.2
SCENARIO_2_Clear_Fraud_0036_r1.json,crypto,2,1,1,True,50.0,100.0,50.0,False,140.1
SCENARIO_2_Clear_Fraud_0026_r1.json,crypto,2,1,1,True,60.0,60.0,0.0,True,105.1
SCENARIO_1_Clear_Fraud_0006_r1.json,crypto,1,1,0,False,30.0,,,False,130.2
SCENARIO_1_Clear_Fraud_0016_r1.json,crypto,1,1,1,True,20.0,60.0,40.0,False,103.4
SCENARIO_5_Clear_Fraud_0090_r1.json,crypto,5,1,1,True,30.0,30.0,0.0,True,104.2
SCENARIO_8_Subtle_Fraud_0141_r1.json,unknown,8,1,1,True,50.5,20.0,-30.5,True,137.1
SCENARIO_8_Subtle_Fraud_0151_r1.json,unknown,8,1,1,True,45.0,114.5,69.5,False,114.5
SCENARIO_3_Clear_Fraud_0057_r1.json,crypto,3,1,1,True,39.1,162.8,123.70000000000002,False,162.8
SCENARIO_3_Clear_Fraud_0047_r1.json,crypto,3,1,1,True,69.8,60.0,-9.799999999999997,True,162.8
SCENARIO_6_Subtle_Fraud_0118_r1.json,crypto,6,1,0,False,40.0,,,False,74.5
SCENARIO_4_Clear_Fraud_0077_r1.json,crypto,4,1,1,True,60.0,120.0,60.0,False,139.1
SCENARIO_4_Clear_Fraud_0067_r1.json,crypto,4,1,1,True,92.1,160.0,67.9,False,205.1
SCENARIO_6_Subtle_Fraud_0108_r1.json,crypto,6,1,1,True,62.8,80.0,17.200000000000003,False,198.9
SCENARIO_9_Clear_Fraud_0166_r1.json,crypto,9,1,1,True,57.0,60.0,3.0,False,136.2
SCENARIO_9_Clear_Fraud_0176_r1.json,crypto,9,1,1,True,46.5,50.0,3.5,False,61.4
SCENARIO_1_Clear_Fraud_0017_r1.json,crypto,1,1,1,True,34.1,140.0,105.9,False,152.1
SCENARIO_1_Clear_Fraud_0007_r1.json,crypto,1,1,1,True,61.8,80.0,18.200000000000003,False,155.2
SCENARIO_5_Clear_Fraud_0081_r1.json,crypto,5,1,1,True,31.1,20.0,-11.100000000000001,True,127.5
SCENARIO_5_Clear_Fraud_0091_r1.json,crypto,5,1,1,True,40.0,40.0,0.0,True,132.1
SCENARIO_10_Subtle_Fraud_0193_r1.json,crypto,10,1,1,True,55.0,120.0,65.0,False,125.5
SCENARIO_10_Subtle_Fraud_0183_r1.json,crypto,10,1,1,True,62.1,120.0,57.9,False,168.2
SCENARIO_2_Clear_Fraud_0027_r1.json,crypto,2,1,1,True,110.4,30.0,-80.4,True,172.1
SCENARIO_2_Clear_Fraud_0037_r1.json,crypto,2,1,1,True,70.0,40.0,-30.0,True,190.0
SCENARIO_8_Subtle_Fraud_0158_r1.json,unknown,8,1,0,False,40.0,,,False,100.8
SCENARIO_8_Subtle_Fraud_0148_r1.json,unknown,8,1,1,True,50.0,80.0,30.0,False,120.0
SCENARIO_5_Clear_Fraud_0098_r1.json,crypto,5,1,1,True,25.0,10.0,-15.0,True,82.9
SCENARIO_5_Clear_Fraud_0088_r1.json,crypto,5,1,1,True,34.5,40.0,5.5,False,167.6
SCENARIO_6_Subtle_Fraud_0101_r1.json,crypto,6,1,1,True,61.2,20.0,-41.2,True,223.1
SCENARIO_6_Subtle_Fraud_0111_r1.json,crypto,6,1,1,True,90.0,126.5,36.5,False,126.5
SCENARIO_7_Clear_Fraud_0126_r1.json,crypto,7,1,0,False,90.0,,,False,149.5
SCENARIO_7_Clear_Fraud_0136_r1.json,crypto,7,1,1,True,36.2,90.0,53.8,False,111.4
SCENARIO_9_Clear_Fraud_0180_r1.json,crypto,9,1,1,True,35.1,40.0,4.899999999999999,False,143.2
SCENARIO_3_Clear_Fraud_0045_r1.json,crypto,3,1,1,True,52.9,120.0,67.1,False,182.9
SCENARIO_3_Clear_Fraud_0055_r1.json,crypto,3,1,1,True,85.4,110.0,24.599999999999994,False,152.5
SCENARIO_8_Subtle_Fraud_0153_r1.json,unknown,8,1,1,True,40.0,80.0,40.0,False,114.9
SCENARIO_8_Subtle_Fraud_0143_r1.json,unknown,8,1,1,True,30.1,20.0,-10.100000000000001,True,84.5
SCENARIO_5_Clear_Fraud_0093_r1.json,crypto,5,1,1,True,61.8,40.0,-21.799999999999997,True,214.9
SCENARIO_5_Clear_Fraud_0083_r1.json,crypto,5,1,1,True,20.0,10.0,-10.0,True,49.2
SCENARIO_1_Clear_Fraud_0005_r1.json,crypto,1,1,1,True,30.5,90.0,59.5,False,281.2
SCENARIO_1_Clear_Fraud_0015_r1.json,crypto,1,1,1,True,40.1,140.0,99.9,False,206.1
SCENARIO_2_Clear_Fraud_0035_r1.json,crypto,2,1,1,True,109.5,90.0,-19.5,True,171.3
SCENARIO_2_Clear_Fraud_0025_r1.json,crypto,2,1,1,True,62.1,80.0,17.9,False,133.2
SCENARIO_10_Subtle_Fraud_0181_r1.json,crypto,10,1,1,True,45.0,40.0,-5.0,True,164.1
SCENARIO_10_Subtle_Fraud_0191_r1.json,crypto,10,1,0,False,60.0,,,False,127.1
SCENARIO_4_Clear_Fraud_0065_r1.json,crypto,4,1,1,True,40.0,30.0,-10.0,True,85.5
SCENARIO_4_Clear_Fraud_0075_r1.json,crypto,4,1,1,True,37.2,70.0,32.8,False,102.1
SCENARIO_9_Clear_Fraud_0174_r1.json,crypto,9,1,1,True,25.0,40.0,15.0,False,75.0
SCENARIO_9_Clear_Fraud_0164_r1.json,crypto,9,1,1,True,67.4,20.0,-47.400000000000006,True,169.9
SCENARIO_6_Subtle_Fraud_0113_r1.json,crypto,6,1,1,True,40.0,90.0,50.0,False,137.6
SCENARIO_6_Subtle_Fraud_0103_r1.json,crypto,6,1,1,True,101.4,30.0,-71.4,True,192.2
SCENARIO_7_Clear_Fraud_0134_r1.json,crypto,7,1,1,True,45.0,125.1,80.1,False,125.1
SCENARIO_7_Clear_Fraud_0124_r1.json,crypto,7,1,1,True,62.8,20.0,-42.8,True,129.2
SCENARIO_10_Subtle_Fraud_0198_r1.json,crypto,10,1,0,False,90.0,,,False,143.0
SCENARIO_10_Subtle_Fraud_0188_r1.json,crypto,10,1,0,False,25.0,,,False,84.2
SCENARIO_7_Clear_Fraud_0125_r1.json,crypto,7,1,1,True,40.0,50.0,10.0,False,62.1
SCENARIO_7_Clear_Fraud_0135_r1.json,crypto,7,1,1,True,30.0,60.0,30.0,False,81.4
SCENARIO_6_Subtle_Fraud_0102_r1.json,crypto,6,1,1,True,50.8,110.0,59.2,False,208.7
SCENARIO_6_Subtle_Fraud_0112_r1.json,crypto,6,1,1,True,56.8,110.0,53.2,False,146.2
SCENARIO_10_Subtle_Fraud_0189_r1.json,crypto,10,1,0,False,55.5,,,False,72.1
SCENARIO_10_Subtle_Fraud_0199_r1.json,crypto,10,1,1,True,62.1,80.0,17.9,False,173.5
SCENARIO_4_Clear_Fraud_0080_r1.json,crypto,4,1,1,True,63.0,140.0,77.0,False,212.0
SCENARIO_3_Clear_Fraud_0054_r1.json,crypto,3,1,1,True,55.4,110.0,54.6,False,126.5
SCENARIO_3_Clear_Fraud_0044_r1.json,crypto,3,1,1,True,40.0,90.0,50.0,False,115.2
SCENARIO_8_Subtle_Fraud_0142_r1.json,unknown,8,1,1,True,50.5,20.0,-30.5,True,145.2
SCENARIO_8_Subtle_Fraud_0152_r1.json,unknown,8,1,0,False,45.0,,,False,75.9
SCENARIO_2_Clear_Fraud_0024_r1.json,crypto,2,1,1,True,40.0,20.0,-20.0,True,85.3
SCENARIO_2_Clear_Fraud_0034_r1.json,crypto,2,1,1,True,89.8,70.0,-19.799999999999997,True,199.7
SCENARIO_10_Subtle_Fraud_0190_r1.json,crypto,10,1,0,False,40.6,,,False,86.5
SCENARIO_5_Clear_Fraud_0082_r1.json,crypto,5,1,1,True,27.1,20.0,-7.100000000000001,True,138.2
SCENARIO_5_Clear_Fraud_0092_r1.json,crypto,5,1,1,True,30.0,30.0,0.0,True,122.0
SCENARIO_1_Clear_Fraud_0014_r1.json,crypto,1,1,1,True,32.1,100.0,67.9,False,169.5
SCENARIO_1_Clear_Fraud_0004_r1.json,crypto,1,1,1,True,29.1,20.0,-9.100000000000001,True,197.4
SCENARIO_9_Clear_Fraud_0165_r1.json,crypto,9,1,1,True,63.0,70.0,7.0,False,146.2
SCENARIO_9_Clear_Fraud_0175_r1.json,crypto,9,1,1,True,25.0,20.0,-5.0,True,69.3
SCENARIO_4_Clear_Fraud_0074_r1.json,crypto,4,1,1,True,105.0,130.0,25.0,False,175.0
SCENARIO_4_Clear_Fraud_0064_r1.json,crypto,4,1,0,False,45.9,,,False,173.0
SCENARIO_10_Subtle_Fraud_0185_r1.json,romance,10,1,0,False,80.0,,,False,91.5
SCENARIO_10_Subtle_Fraud_0195_r1.json,romance,10,1,1,True,144.2,140.0,-4.199999999999989,True,271.5
SCENARIO_2_Clear_Fraud_0031_r1.json,romance,2,1,0,False,145.0,70.0,-75.0,True,198.0
SCENARIO_2_Clear_Fraud_0021_r1.json,romance,2,1,1,True,80.0,30.0,-50.0,True,104.9
SCENARIO_1_Clear_Fraud_0001_r1.json,romance,1,1,1,True,30.1,20.0,-10.100000000000001,True,177.4
SCENARIO_1_Clear_Fraud_0011_r1.json,romance,1,1,1,True,40.0,40.0,0.0,True,140.2
SCENARIO_5_Clear_Fraud_0097_r1.json,romance,5,1,0,False,40.0,,,False,65.9
SCENARIO_5_Clear_Fraud_0087_r1.json,romance,5,1,1,True,40.0,20.0,-20.0,True,87.5
SCENARIO_7_Clear_Fraud_0129_r1.json,romance,7,1,1,True,30.0,10.0,-20.0,True,78.5
SCENARIO_7_Clear_Fraud_0139_r1.json,romance,7,1,0,False,118.2,30.0,-88.2,True,143.1
SCENARIO_6_Clear_Fraud_0104_r1.json,romance,6,1,1,True,30.0,20.0,-10.0,True,135.1
SCENARIO_6_Clear_Fraud_0114_r1.json,romance,6,1,1,True,45.0,80.0,35.0,False,80.1
SCENARIO_9_Clear_Fraud_0170_r1.json,romance,9,1,1,True,81.9,80.0,-1.9000000000000057,True,175.6
SCENARIO_3_Clear_Fraud_0041_r1.json,unknown,3,1,1,True,61.4,20.0,-41.4,True,115.2
SCENARIO_3_Clear_Fraud_0051_r1.json,unknown,3,1,1,True,76.2,120.0,43.8,False,171.9
SCENARIO_7_Clear_Fraud_0130_r1.json,romance,7,1,1,True,76.9,50.0,-26.900000000000006,True,185.1
SCENARIO_9_Clear_Fraud_0169_r1.json,romance,9,1,1,True,70.0,80.0,10.0,False,110.0
SCENARIO_9_Clear_Fraud_0179_r1.json,romance,9,1,1,True,81.5,130.0,48.5,False,141.1
SCENARIO_8_Clear_Fraud_0144_r1.json,romance,8,1,1,True,40.7,50.0,9.299999999999997,False,97.4
SCENARIO_8_Clear_Fraud_0154_r1.json,romance,8,1,1,True,40.4,80.0,39.6,False,91.4
SCENARIO_4_Subtle_Fraud_0065_r1.json,romance,4,1,0,False,80.0,,,False,100.3
SCENARIO_4_Subtle_Fraud_0075_r1.json,romance,4,1,1,True,40.0,50.0,10.0,False,123.4
SCENARIO_2_Clear_Fraud_0028_r1.json,romance,2,1,1,True,60.0,30.0,-30.0,True,207.2
SCENARIO_2_Clear_Fraud_0038_r1.json,romance,2,1,0,False,65.0,,,False,160.0
SCENARIO_1_Clear_Fraud_0018_r1.json,romance,1,1,1,True,30.0,30.0,0.0,True,82.5
SCENARIO_1_Clear_Fraud_0008_r1.json,romance,1,1,0,False,36.1,,,False,100.1
SCENARIO_3_Clear_Fraud_0058_r1.json,unknown,3,1,1,True,40.0,130.0,90.0,False,155.6
SCENARIO_3_Clear_Fraud_0048_r1.json,unknown,3,1,1,True,50.0,20.0,-30.0,True,126.0
SCENARIO_4_Subtle_Fraud_0074_r1.json,romance,4,1,1,True,30.0,90.0,60.0,False,107.5
SCENARIO_4_Subtle_Fraud_0064_r1.json,romance,4,1,1,True,65.0,70.0,5.0,False,115.0
SCENARIO_7_Clear_Fraud_0121_r1.json,romance,7,1,1,True,20.0,10.0,-10.0,True,71.2
SCENARIO_7_Clear_Fraud_0131_r1.json,romance,7,1,1,True,76.2,30.0,-46.2,True,143.2
SCENARIO_8_Clear_Fraud_0155_r1.json,romance,8,1,1,True,38.5,30.0,-8.5,True,71.9
SCENARIO_8_Clear_Fraud_0145_r1.json,romance,8,1,1,True,42.0,70.0,28.0,False,110.0
SCENARIO_9_Clear_Fraud_0178_r1.json,romance,9,1,1,True,28.3,30.0,1.6999999999999993,False,83.2
SCENARIO_9_Clear_Fraud_0168_r1.json,romance,9,1,1,True,85.1,70.0,-15.099999999999994,True,132.5
SCENARIO_1_Clear_Fraud_0009_r1.json,romance,1,1,1,True,50.0,70.0,20.0,False,140.0
SCENARIO_1_Clear_Fraud_0019_r1.json,romance,1,1,1,True,40.8,116.1,75.3,False,116.1
SCENARIO_2_Clear_Fraud_0039_r1.json,romance,2,1,0,False,50.8,,,False,114.1
SCENARIO_2_Clear_Fraud_0029_r1.json,romance,2,1,0,False,64.5,120.0,55.5,False,143.9
SCENARIO_3_Clear_Fraud_0049_r1.json,unknown,3,1,1,True,60.0,110.0,50.0,False,205.6
SCENARIO_3_Clear_Fraud_0059_r1.json,unknown,3,1,0,False,36.1,20.0,-16.1,True,155.1
SCENARIO_4_Subtle_Fraud_0080_r1.json,romance,4,0,1,False,,80.0,,False,129.5
SCENARIO_1_Clear_Fraud_0010_r1.json,romance,1,1,1,True,55.0,20.0,-35.0,True,130.0
SCENARIO_5_Clear_Fraud_0086_r1.json,romance,5,1,1,True,40.0,30.0,-10.0,True,113.1
SCENARIO_5_Clear_Fraud_0096_r1.json,romance,5,0,1,False,,50.0,,False,211.0
SCENARIO_10_Subtle_Fraud_0194_r1.json,romance,10,1,1,True,120.0,145.0,25.0,False,145.0
SCENARIO_10_Subtle_Fraud_0184_r1.json,romance,10,1,1,True,60.0,20.0,-40.0,True,143.5
SCENARIO_2_Clear_Fraud_0030_r1.json,romance,2,1,1,True,59.2,130.0,70.8,False,159.9
SCENARIO_6_Clear_Fraud_0115_r1.json,romance,6,1,1,True,40.0,50.0,10.0,False,122.5
SCENARIO_6_Clear_Fraud_0105_r1.json,romance,6,1,1,True,60.0,90.0,30.0,False,163.0
SCENARIO_7_Clear_Fraud_0138_r1.json,romance,7,0,1,False,,50.0,,False,169.1
SCENARIO_7_Clear_Fraud_0128_r1.json,romance,7,1,1,True,60.0,50.0,-10.0,True,164.8
SCENARIO_9_Clear_Fraud_0161_r1.json,romance,9,1,1,True,20.0,50.0,30.0,False,57.0
SCENARIO_9_Clear_Fraud_0171_r1.json,romance,9,1,1,True,23.0,80.0,57.0,False,143.0
SCENARIO_3_Clear_Fraud_0050_r1.json,unknown,3,1,1,True,46.5,120.0,73.5,False,148.5
SCENARIO_4_Subtle_Fraud_0066_r1.json,romance,4,1,0,False,45.0,,,False,115.3
SCENARIO_4_Subtle_Fraud_0076_r1.json,romance,4,1,1,True,60.0,90.0,30.0,False,149.5
SCENARIO_8_Clear_Fraud_0147_r1.json,romance,8,1,1,True,60.0,110.0,50.0,False,129.9
SCENARIO_8_Clear_Fraud_0157_r1.json,romance,8,1,0,False,62.8,,,False,225.1
SCENARIO_7_Clear_Fraud_0133_r1.json,romance,7,1,1,True,54.5,30.0,-24.5,True,135.6
SCENARIO_7_Clear_Fraud_0123_r1.json,romance,7,1,1,True,50.0,20.0,-30.0,True,101.0
SCENARIO_2_Clear_Fraud_0040_r1.json,romance,2,1,0,False,40.0,,,False,85.6
SCENARIO_9_Clear_Fraud_0173_r1.json,romance,9,1,1,True,60.0,80.0,20.0,False,122.1
SCENARIO_9_Clear_Fraud_0163_r1.json,romance,9,1,1,True,25.9,30.0,4.100000000000001,False,60.5
SCENARIO_6_Clear_Fraud_0107_r1.json,romance,6,1,1,True,60.0,90.0,30.0,False,135.8
SCENARIO_6_Clear_Fraud_0117_r1.json,romance,6,1,1,True,45.0,90.0,45.0,False,120.8
SCENARIO_5_Clear_Fraud_0094_r1.json,romance,5,1,1,True,25.0,30.0,5.0,False,80.6
SCENARIO_5_Clear_Fraud_0084_r1.json,romance,5,1,1,True,30.0,20.0,-10.0,True,140.9
SCENARIO_1_Clear_Fraud_0002_r1.json,romance,1,1,1,True,43.8,80.0,36.2,False,103.5
SCENARIO_1_Clear_Fraud_0012_r1.json,romance,1,0,1,False,,140.0,,False,212.5
SCENARIO_2_Clear_Fraud_0032_r1.json,romance,2,1,0,False,51.4,110.0,58.6,False,150.6
SCENARIO_2_Clear_Fraud_0022_r1.json,romance,2,1,1,True,55.0,10.0,-45.0,True,105.0
SCENARIO_10_Subtle_Fraud_0186_r1.json,romance,10,1,1,True,89.2,70.0,-19.200000000000003,True,154.9
SCENARIO_10_Subtle_Fraud_0196_r1.json,romance,10,1,1,True,150.0,110.0,-40.0,True,308.1
SCENARIO_3_Clear_Fraud_0042_r1.json,unknown,3,1,1,True,81.9,20.0,-61.900000000000006,True,142.1
SCENARIO_3_Clear_Fraud_0052_r1.json,unknown,3,1,1,True,58.3,80.0,21.700000000000003,False,146.7
SCENARIO_9_Clear_Fraud_0162_r1.json,romance,9,1,1,True,20.0,20.0,0.0,True,56.8
SCENARIO_9_Clear_Fraud_0172_r1.json,romance,9,1,1,True,72.9,130.0,57.099999999999994,False,134.9
SCENARIO_6_Clear_Fraud_0116_r1.json,romance,6,1,1,True,45.0,60.0,15.0,False,140.8
SCENARIO_6_Clear_Fraud_0106_r1.json,romance,6,1,1,True,85.0,100.0,15.0,False,197.0
SCENARIO_2_Clear_Fraud_0023_r1.json,romance,2,1,1,True,40.0,40.0,0.0,True,121.6
SCENARIO_2_Clear_Fraud_0033_r1.json,romance,2,1,0,False,40.0,,,False,78.5
SCENARIO_10_Subtle_Fraud_0197_r1.json,romance,10,0,0,True,,30.0,,False,140.5
SCENARIO_10_Subtle_Fraud_0187_r1.json,romance,10,1,1,True,85.0,100.0,15.0,False,103.5
SCENARIO_5_Clear_Fraud_0085_r1.json,romance,5,1,1,True,70.8,50.0,-20.799999999999997,True,327.2
SCENARIO_5_Clear_Fraud_0095_r1.json,romance,5,1,1,True,157.6,40.0,-117.6,True,281.8
SCENARIO_1_Clear_Fraud_0013_r1.json,romance,1,1,1,True,94.5,100.0,5.5,False,236.0
SCENARIO_1_Clear_Fraud_0003_r1.json,romance,1,1,1,True,45.0,20.0,-25.0,True,227.0
SCENARIO_3_Clear_Fraud_0053_r1.json,unknown,3,1,1,True,60.4,120.0,59.6,False,282.7
SCENARIO_3_Clear_Fraud_0043_r1.json,unknown,3,1,1,True,45.0,10.0,-35.0,True,80.0
SCENARIO_8_Clear_Fraud_0160_r1.json,romance,8,1,0,False,40.1,110.0,69.9,False,200.8
SCENARIO_7_Clear_Fraud_0140_r1.json,romance,7,1,1,True,65.4,20.0,-45.400000000000006,True,135.6
SCENARIO_8_Clear_Fraud_0156_r1.json,romance,8,1,0,False,67.8,,,False,129.4
SCENARIO_8_Clear_Fraud_0146_r1.json,romance,8,1,0,False,40.0,,,False,70.5
SCENARIO_7_Clear_Fraud_0122_r1.json,romance,7,1,1,True,35.0,10.0,-25.0,True,80.0
SCENARIO_7_Clear_Fraud_0132_r1.json,romance,7,1,1,True,65.0,20.0,-45.0,True,160.0
SCENARIO_4_Subtle_Fraud_0077_r1.json,romance,4,1,0,False,40.0,,,False,64.1
SCENARIO_4_Subtle_Fraud_0067_r1.json,romance,4,1,1,True,90.0,150.0,60.0,False,227.4
SCENARIO_5_Clear_Fraud_0100_r1.json,romance,5,1,1,True,35.1,40.0,4.899999999999999,False,115.5
SCENARIO_6_Clear_Fraud_0120_r1.json,romance,6,1,1,True,45.0,60.0,15.0,False,82.0
SCENARIO_1_Clear_Fraud_0020_r1.json,romance,1,1,1,True,53.5,120.0,66.5,False,279.2
SCENARIO_5_Clear_Fraud_0089_r1.json,romance,5,1,1,True,45.0,50.0,5.0,False,105.1
SCENARIO_5_Clear_Fraud_0099_r1.json,romance,5,1,1,True,62.8,40.0,-22.799999999999997,True,205.9
SCENARIO_7_Clear_Fraud_0137_r1.json,romance,7,1,1,True,40.0,10.0,-30.0,True,125.4
SCENARIO_7_Clear_Fraud_0127_r1.json,romance,7,1,1,True,25.0,30.0,5.0,False,100.8
SCENARIO_8_Clear_Fraud_0143_r1.json,romance,8,1,1,True,40.0,40.0,0.0,True,95.2
SCENARIO_8_Clear_Fraud_0153_r1.json,romance,8,1,0,False,50.0,,,False,216.3
SCENARIO_4_Subtle_Fraud_0062_r1.json,romance,4,1,1,True,40.0,10.0,-30.0,True,68.2
SCENARIO_3_Clear_Fraud_0060_r1.json,unknown,3,1,1,True,43.2,70.2,27.0,False,70.2
SCENARIO_4_Subtle_Fraud_0072_r1.json,romance,4,0,1,False,,70.0,,False,166.7
SCENARIO_3_Clear_Fraud_0046_r1.json,unknown,3,1,1,True,37.4,80.0,42.6,False,124.2
SCENARIO_3_Clear_Fraud_0056_r1.json,unknown,3,1,0,False,32.4,,,False,61.1
SCENARIO_10_Subtle_Fraud_0200_r1.json,romance,10,1,0,False,53.4,,,False,119.2
SCENARIO_6_Clear_Fraud_0103_r1.json,romance,6,1,1,True,30.0,20.0,-10.0,True,109.2
SCENARIO_6_Clear_Fraud_0113_r1.json,romance,6,1,1,True,30.0,50.0,20.0,False,105.2
SCENARIO_9_Clear_Fraud_0177_r1.json,romance,9,1,0,False,40.0,,,False,85.1
SCENARIO_9_Clear_Fraud_0167_r1.json,romance,9,1,0,False,40.0,,,False,127.2
SCENARIO_10_Subtle_Fraud_0182_r1.json,romance,10,1,0,False,40.0,20.0,-20.0,True,76.8
SCENARIO_10_Subtle_Fraud_0192_r1.json,romance,10,1,1,True,60.3,150.0,89.7,False,180.4
SCENARIO_2_Clear_Fraud_0036_r1.json,romance,2,1,1,True,70.0,70.0,0.0,True,200.0
SCENARIO_2_Clear_Fraud_0026_r1.json,romance,2,1,0,False,111.2,120.0,8.799999999999997,False,221.8
SCENARIO_1_Clear_Fraud_0006_r1.json,romance,1,1,1,True,62.8,50.0,-12.799999999999997,True,180.5
SCENARIO_1_Clear_Fraud_0016_r1.json,romance,1,1,1,True,67.8,40.0,-27.799999999999997,True,183.2
SCENARIO_5_Clear_Fraud_0090_r1.json,romance,5,1,1,True,66.8,40.0,-26.799999999999997,True,229.8
SCENARIO_3_Clear_Fraud_0057_r1.json,unknown,3,1,1,True,52.5,110.0,57.5,False,186.2
SCENARIO_3_Clear_Fraud_0047_r1.json,unknown,3,1,1,True,120.0,100.0,-20.0,True,152.2
SCENARIO_6_Clear_Fraud_0112_r1.json,romance,6,1,1,True,46.8,20.0,-26.799999999999997,True,118.5
SCENARIO_6_Clear_Fraud_0102_r1.json,romance,6,1,1,True,25.0,10.0,-15.0,True,79.1
SCENARIO_9_Clear_Fraud_0166_r1.json,romance,9,1,1,True,70.0,60.0,-10.0,True,163.0
SCENARIO_9_Clear_Fraud_0176_r1.json,romance,9,1,0,False,51.4,,,False,105.9
SCENARIO_1_Clear_Fraud_0017_r1.json,romance,1,1,0,False,40.0,70.0,30.0,False,192.1
SCENARIO_1_Clear_Fraud_0007_r1.json,romance,1,1,1,True,45.0,20.0,-25.0,True,187.7
SCENARIO_5_Clear_Fraud_0081_r1.json,romance,5,1,1,True,30.0,30.0,0.0,True,132.5
SCENARIO_5_Clear_Fraud_0091_r1.json,romance,5,1,1,True,60.0,80.0,20.0,False,120.2
SCENARIO_10_Subtle_Fraud_0193_r1.json,romance,10,1,1,True,80.0,100.0,20.0,False,122.8
SCENARIO_10_Subtle_Fraud_0183_r1.json,romance,10,1,1,True,92.2,30.0,-62.2,True,140.8
SCENARIO_2_Clear_Fraud_0027_r1.json,romance,2,1,1,True,120.6,110.0,-10.599999999999994,True,155.9
SCENARIO_2_Clear_Fraud_0037_r1.json,romance,2,1,1,True,45.6,20.0,-25.6,True,195.1
SCENARIO_5_Clear_Fraud_0098_r1.json,romance,5,1,1,True,69.8,40.0,-29.799999999999997,True,166.1
SCENARIO_5_Clear_Fraud_0088_r1.json,romance,5,1,1,True,45.0,90.0,45.0,False,128.3
SCENARIO_4_Subtle_Fraud_0073_r1.json,romance,4,1,0,False,80.0,,,False,103.0
SCENARIO_4_Subtle_Fraud_0063_r1.json,romance,4,1,1,True,60.1,20.0,-40.1,True,85.2
SCENARIO_7_Clear_Fraud_0126_r1.json,romance,7,1,1,True,60.0,50.0,-10.0,True,164.8
SCENARIO_7_Clear_Fraud_0136_r1.json,romance,7,1,1,True,48.2,30.0,-18.200000000000003,True,160.5
SCENARIO_8_Clear_Fraud_0152_r1.json,romance,8,1,0,False,92.5,,,False,227.8
SCENARIO_8_Clear_Fraud_0142_r1.json,romance,8,0,0,True,,40.0,,False,157.0
SCENARIO_9_Clear_Fraud_0180_r1.json,romance,9,1,1,True,40.0,110.0,70.0,False,117.1
SCENARIO_3_Clear_Fraud_0045_r1.json,unknown,3,1,1,True,92.1,110.0,17.900000000000006,False,215.9
SCENARIO_3_Clear_Fraud_0055_r1.json,unknown,3,1,1,True,110.0,90.0,-20.0,True,180.0
SCENARIO_5_Clear_Fraud_0093_r1.json,romance,5,1,1,True,50.8,40.0,-10.799999999999997,True,185.5
SCENARIO_5_Clear_Fraud_0083_r1.json,romance,5,1,1,True,60.5,20.0,-40.5,True,143.2
SCENARIO_1_Clear_Fraud_0005_r1.json,romance,1,1,1,True,30.0,60.0,30.0,False,104.2
SCENARIO_1_Clear_Fraud_0015_r1.json,romance,1,1,1,True,95.0,70.0,-25.0,True,148.0
SCENARIO_2_Clear_Fraud_0035_r1.json,romance,2,1,1,True,105.0,30.0,-75.0,True,260.5
SCENARIO_2_Clear_Fraud_0025_r1.json,romance,2,1,1,True,50.0,160.0,110.0,False,273.2
SCENARIO_10_Subtle_Fraud_0181_r1.json,romance,10,1,1,True,75.0,20.0,-55.0,True,92.5
SCENARIO_10_Subtle_Fraud_0191_r1.json,romance,10,1,1,True,100.0,30.0,-70.0,True,105.2
SCENARIO_4_Subtle_Fraud_0078_r1.json,romance,4,1,0,False,62.8,,,False,261.2
SCENARIO_4_Subtle_Fraud_0068_r1.json,romance,4,1,1,True,40.0,70.0,30.0,False,98.1
SCENARIO_8_Clear_Fraud_0159_r1.json,romance,8,1,0,False,53.5,20.0,-33.5,True,153.4
SCENARIO_8_Clear_Fraud_0149_r1.json,romance,8,1,1,True,100.0,190.0,90.0,False,265.0
SCENARIO_9_Clear_Fraud_0174_r1.json,romance,9,1,1,True,84.6,90.0,5.400000000000006,False,134.2
SCENARIO_9_Clear_Fraud_0164_r1.json,romance,9,1,1,True,55.5,60.0,4.5,False,140.2
SCENARIO_6_Clear_Fraud_0110_r1.json,romance,6,1,1,True,65.9,120.0,54.099999999999994,False,227.9
SCENARIO_4_Subtle_Fraud_0061_r1.json,romance,4,1,1,True,45.0,105.1,60.099999999999994,False,105.1
SCENARIO_4_Subtle_Fraud_0071_r1.json,romance,4,1,1,True,40.0,80.0,40.0,False,96.5
SCENARIO_8_Clear_Fraud_0150_r1.json,romance,8,1,0,False,36.1,,,False,89.5
SCENARIO_6_Clear_Fraud_0119_r1.json,romance,6,1,1,True,50.3,100.0,49.7,False,143.1
SCENARIO_6_Clear_Fraud_0109_r1.json,romance,6,1,1,True,40.0,73.4,33.400000000000006,False,73.4
SCENARIO_7_Clear_Fraud_0134_r1.json,romance,7,1,1,True,48.0,50.0,2.0,False,143.0
SCENARIO_7_Clear_Fraud_0124_r1.json,romance,7,1,1,True,54.2,20.0,-34.2,True,125.9
SCENARIO_10_Subtle_Fraud_0198_r1.json,romance,10,1,0,False,125.0,,,False,269.0
SCENARIO_10_Subtle_Fraud_0188_r1.json,romance,10,1,1,True,160.0,160.0,0.0,True,294.0
SCENARIO_8_Clear_Fraud_0151_r1.json,romance,8,0,0,True,,30.0,,False,85.6
SCENARIO_8_Clear_Fraud_0141_r1.json,romance,8,1,1,True,40.0,81.9,41.900000000000006,False,81.9
SCENARIO_7_Clear_Fraud_0125_r1.json,romance,7,1,1,True,60.0,30.0,-30.0,True,210.5
SCENARIO_7_Clear_Fraud_0135_r1.json,romance,7,1,1,True,30.0,20.0,-10.0,True,85.4
SCENARIO_6_Clear_Fraud_0108_r1.json,romance,6,1,1,True,63.5,70.0,6.5,False,142.9
SCENARIO_6_Clear_Fraud_0118_r1.json,romance,6,1,0,False,55.0,90.0,35.0,False,145.0
SCENARIO_4_Subtle_Fraud_0070_r1.json,romance,4,1,1,True,50.0,110.0,60.0,False,119.8
SCENARIO_10_Subtle_Fraud_0189_r1.json,romance,10,1,1,True,180.0,50.0,-130.0,True,279.0
SCENARIO_10_Subtle_Fraud_0199_r1.json,romance,10,1,1,True,65.8,30.0,-35.8,True,187.2
SCENARIO_3_Clear_Fraud_0054_r1.json,unknown,3,1,1,True,65.0,120.0,55.0,False,135.0
SCENARIO_3_Clear_Fraud_0044_r1.json,unknown,3,1,1,True,86.5,40.0,-46.5,True,195.2
SCENARIO_2_Clear_Fraud_0024_r1.json,romance,2,1,1,True,61.2,20.0,-41.2,True,162.5
SCENARIO_2_Clear_Fraud_0034_r1.json,romance,2,1,0,False,40.0,,,False,82.5
SCENARIO_10_Subtle_Fraud_0190_r1.json,romance,10,1,1,True,65.0,71.2,6.200000000000003,False,71.2
SCENARIO_5_Clear_Fraud_0082_r1.json,romance,5,1,1,True,41.2,10.0,-31.200000000000003,True,134.6
SCENARIO_5_Clear_Fraud_0092_r1.json,romance,5,1,1,True,30.0,70.0,40.0,False,75.4
SCENARIO_1_Clear_Fraud_0014_r1.json,romance,1,1,1,True,35.1,70.0,34.9,False,155.1
SCENARIO_1_Clear_Fraud_0004_r1.json,romance,1,1,1,True,35.1,40.0,4.899999999999999,False,158.2
SCENARIO_9_Clear_Fraud_0165_r1.json,romance,9,1,0,False,66.8,,,False,199.4
SCENARIO_9_Clear_Fraud_0175_r1.json,romance,9,1,1,True,84.1,90.0,5.900000000000006,False,123.9
SCENARIO_8_Clear_Fraud_0148_r1.json,romance,8,1,0,False,36.8,,,False,109.5
SCENARIO_8_Clear_Fraud_0158_r1.json,romance,8,1,0,False,59.2,,,False,148.9
SCENARIO_6_Clear_Fraud_0111_r1.json,romance,6,1,1,True,25.0,50.0,25.0,False,65.3
SCENARIO_6_Clear_Fraud_0101_r1.json,romance,6,1,1,True,50.0,10.0,-40.0,True,210.0
SCENARIO_4_Subtle_Fraud_0069_r1.json,romance,4,1,0,False,60.0,,,False,112.5
SCENARIO_4_Subtle_Fraud_0079_r1.json,romance,4,0,0,True,,10.0,,False,137.0
SCENARIO_2_Clear_Fraud_0031_r1.json,unknown,2,1,1,True,75.2,40.0,-35.2,True,157.2
SCENARIO_2_Clear_Fraud_0021_r1.json,unknown,2,1,1,True,45.0,20.0,-25.0,True,116.7
SCENARIO_1_Clear_Fraud_0001_r1.json,charity,1,1,1,True,32.1,40.0,7.899999999999999,False,127.8
SCENARIO_1_Clear_Fraud_0011_r1.json,charity,1,1,1,True,89.2,120.0,30.799999999999997,False,166.5
SCENARIO_5_Clear_Fraud_0097_r1.json,unknown,5,1,1,True,90.4,110.0,19.599999999999994,False,190.5
SCENARIO_5_Clear_Fraud_0087_r1.json,unknown,5,1,1,True,107.1,60.0,-47.099999999999994,True,191.5
SCENARIO_7_Clear_Fraud_0129_r1.json,charity,7,1,1,True,25.8,70.0,44.2,False,139.3
SCENARIO_7_Clear_Fraud_0139_r1.json,charity,7,1,1,True,64.5,30.0,-34.5,True,134.2
SCENARIO_4_Clear_Fraud_0061_r1.json,charity,4,1,1,True,29.1,20.0,-9.100000000000001,True,68.5
SCENARIO_4_Clear_Fraud_0071_r1.json,charity,4,1,1,True,40.0,50.0,10.0,False,94.1
SCENARIO_3_Clear_Fraud_0041_r1.json,charity,3,1,1,True,52.0,100.0,48.0,False,226.5
SCENARIO_3_Clear_Fraud_0051_r1.json,charity,3,1,1,True,60.0,50.0,-10.0,True,156.9
SCENARIO_7_Clear_Fraud_0130_r1.json,charity,7,1,1,True,30.1,114.1,84.0,False,114.1
SCENARIO_8_Clear_Fraud_0144_r1.json,charity,8,1,1,True,45.0,20.0,-25.0,True,127.1
SCENARIO_8_Clear_Fraud_0154_r1.json,charity,8,1,1,True,50.0,30.0,-20.0,True,174.0
SCENARIO_6_Subtle_Fraud_0117_r1.json,charity,6,1,1,True,40.0,50.0,10.0,False,94.0
SCENARIO_4_Clear_Fraud_0078_r1.json,charity,4,1,0,False,103.1,30.0,-73.1,True,190.8
SCENARIO_4_Clear_Fraud_0068_r1.json,charity,4,1,1,True,40.0,30.0,-10.0,True,94.9
SCENARIO_6_Subtle_Fraud_0107_r1.json,charity,6,1,1,True,40.0,50.0,10.0,False,85.1
SCENARIO_9_Subtle_Fraud_0164_r1.json,charity,9,1,1,True,49.5,30.0,-19.5,True,138.2
SCENARIO_9_Subtle_Fraud_0174_r1.json,charity,9,1,1,True,40.0,120.0,80.0,False,147.2
SCENARIO_10_Clear_Fraud_0197_r1.json,unknown,10,1,1,True,50.6,105.5,54.9,False,105.5
SCENARIO_2_Clear_Fraud_0028_r1.json,unknown,2,0,1,False,,90.0,,False,301.0
SCENARIO_10_Clear_Fraud_0187_r1.json,unknown,10,1,1,True,57.0,70.0,13.0,False,160.1
SCENARIO_2_Clear_Fraud_0038_r1.json,unknown,2,1,0,False,130.6,40.0,-90.6,True,235.4
SCENARIO_1_Clear_Fraud_0018_r1.json,charity,1,1,0,False,30.0,20.0,-10.0,True,90.2
SCENARIO_1_Clear_Fraud_0008_r1.json,charity,1,0,1,False,,60.0,,False,103.2
SCENARIO_3_Clear_Fraud_0058_r1.json,charity,3,1,1,True,64.3,60.0,-4.299999999999997,True,215.8
SCENARIO_3_Clear_Fraud_0048_r1.json,charity,3,1,0,False,50.5,,,False,87.5
SCENARIO_9_Subtle_Fraud_0180_r1.json,charity,9,1,1,True,61.2,90.0,28.799999999999997,False,178.2
SCENARIO_9_Subtle_Fraud_0175_r1.json,charity,9,1,1,True,36.1,125.6,89.5,False,125.6
SCENARIO_9_Subtle_Fraud_0165_r1.json,charity,9,1,1,True,69.8,170.0,100.2,False,222.5
SCENARIO_4_Clear_Fraud_0069_r1.json,charity,4,1,1,True,60.0,30.0,-30.0,True,169.0
SCENARIO_6_Subtle_Fraud_0106_r1.json,charity,6,1,1,True,50.0,70.0,20.0,False,120.0
SCENARIO_6_Subtle_Fraud_0116_r1.json,charity,6,1,1,True,52.4,70.0,17.6,False,118.2
SCENARIO_4_Clear_Fraud_0079_r1.json,charity,4,1,1,True,55.0,30.0,-25.0,True,155.1
SCENARIO_7_Clear_Fraud_0121_r1.json,charity,7,1,1,True,30.1,80.0,49.9,False,153.8
SCENARIO_7_Clear_Fraud_0131_r1.json,charity,7,1,1,True,40.0,30.0,-10.0,True,84.4
SCENARIO_8_Clear_Fraud_0155_r1.json,charity,8,1,0,False,65.4,,,False,185.2
SCENARIO_8_Clear_Fraud_0145_r1.json,charity,8,1,1,True,68.4,40.0,-28.400000000000006,True,162.1
SCENARIO_1_Clear_Fraud_0009_r1.json,charity,1,1,1,True,30.0,60.0,30.0,False,107.1
SCENARIO_1_Clear_Fraud_0019_r1.json,charity,1,1,1,True,45.0,90.0,45.0,False,110.0
SCENARIO_2_Clear_Fraud_0039_r1.json,unknown,2,1,0,False,80.0,10.0,-70.0,True,150.0
SCENARIO_10_Clear_Fraud_0186_r1.json,unknown,10,1,0,False,40.0,,,False,70.0
SCENARIO_2_Clear_Fraud_0029_r1.json,unknown,2,1,0,False,63.5,60.0,-3.5,True,140.5
SCENARIO_10_Clear_Fraud_0196_r1.json,unknown,10,1,0,False,51.2,,,False,81.1
SCENARIO_3_Clear_Fraud_0049_r1.json,charity,3,1,0,False,97.5,,,False,267.4
SCENARIO_3_Clear_Fraud_0059_r1.json,charity,3,1,0,False,55.6,20.0,-35.6,True,145.2
SCENARIO_1_Clear_Fraud_0010_r1.json,charity,1,1,1,True,25.0,50.0,25.0,False,75.1
SCENARIO_5_Clear_Fraud_0086_r1.json,unknown,5,1,1,True,50.8,70.0,19.200000000000003,False,196.2
SCENARIO_5_Clear_Fraud_0096_r1.json,unknown,5,1,1,True,130.0,100.0,-30.0,True,204.0
SCENARIO_2_Clear_Fraud_0030_r1.json,unknown,2,1,0,False,90.0,20.0,-70.0,True,123.9
SCENARIO_4_Clear_Fraud_0070_r1.json,charity,4,1,1,True,25.0,30.0,5.0,False,72.5
SCENARIO_7_Clear_Fraud_0138_r1.json,charity,7,1,1,True,30.0,120.0,90.0,False,125.0
SCENARIO_7_Clear_Fraud_0128_r1.json,charity,7,1,1,True,38.1,140.0,101.9,False,201.2
SCENARIO_6_Subtle_Fraud_0120_r1.json,charity,6,1,1,True,60.0,140.0,80.0,False,171.8
SCENARIO_3_Clear_Fraud_0050_r1.json,charity,3,1,1,True,77.1,70.0,-7.099999999999994,True,201.1
SCENARIO_10_Clear_Fraud_0194_r1.json,unknown,10,1,0,False,40.0,,,False,92.2
SCENARIO_10_Clear_Fraud_0184_r1.json,unknown,10,1,1,True,70.0,20.0,-50.0,True,143.8
SCENARIO_6_Subtle_Fraud_0114_r1.json,charity,6,1,1,True,40.0,60.0,20.0,False,91.5
SCENARIO_6_Subtle_Fraud_0104_r1.json,charity,6,1,1,True,50.0,20.0,-30.0,True,145.3
SCENARIO_9_Subtle_Fraud_0167_r1.json,charity,9,1,1,True,67.3,60.0,-7.299999999999997,True,135.6
SCENARIO_9_Subtle_Fraud_0177_r1.json,charity,9,1,1,True,53.8,146.1,92.3,False,146.1
SCENARIO_8_Clear_Fraud_0147_r1.json,charity,8,1,1,True,76.2,140.0,63.8,False,206.5
SCENARIO_8_Clear_Fraud_0157_r1.json,charity,8,1,0,False,61.4,,,False,200.5
SCENARIO_7_Clear_Fraud_0133_r1.json,charity,7,1,1,True,59.4,120.0,60.6,False,208.3
SCENARIO_7_Clear_Fraud_0123_r1.json,charity,7,1,1,True,34.8,80.0,45.2,False,117.1
SCENARIO_4_Clear_Fraud_0062_r1.json,charity,4,1,1,True,42.9,20.0,-22.9,True,94.8
SCENARIO_4_Clear_Fraud_0072_r1.json,charity,4,1,1,True,60.0,110.0,50.0,False,130.5
SCENARIO_2_Clear_Fraud_0040_r1.json,unknown,2,1,1,True,61.8,40.0,-21.799999999999997,True,138.5
SCENARIO_5_Clear_Fraud_0094_r1.json,unknown,5,1,1,True,90.0,70.0,-20.0,True,140.0
SCENARIO_5_Clear_Fraud_0084_r1.json,unknown,5,1,1,True,62.1,20.0,-42.1,True,169.5
SCENARIO_1_Clear_Fraud_0002_r1.json,charity,1,1,1,True,40.0,20.0,-20.0,True,79.1
SCENARIO_1_Clear_Fraud_0012_r1.json,charity,1,1,1,True,71.1,90.0,18.900000000000006,False,140.5
SCENARIO_2_Clear_Fraud_0032_r1.json,unknown,2,1,1,True,30.0,20.0,-10.0,True,60.3
SCENARIO_2_Clear_Fraud_0022_r1.json,unknown,2,1,1,True,89.9,50.0,-39.900000000000006,True,158.2
SCENARIO_3_Clear_Fraud_0042_r1.json,charity,3,1,1,True,54.2,20.0,-34.2,True,130.1
SCENARIO_3_Clear_Fraud_0052_r1.json,charity,3,1,1,True,71.4,110.0,38.599999999999994,False,189.2
SCENARIO_4_Clear_Fraud_0073_r1.json,charity,4,1,1,True,45.0,30.0,-15.0,True,120.8
SCENARIO_4_Clear_Fraud_0063_r1.json,charity,4,1,1,True,71.0,10.0,-61.0,True,148.0
SCENARIO_2_Clear_Fraud_0023_r1.json,unknown,2,1,1,True,61.1,20.0,-41.1,True,138.8
SCENARIO_2_Clear_Fraud_0033_r1.json,unknown,2,1,1,True,135.5,40.0,-95.5,True,170.5
SCENARIO_5_Clear_Fraud_0085_r1.json,unknown,5,1,1,True,103.5,60.0,-43.5,True,146.2
SCENARIO_5_Clear_Fraud_0095_r1.json,unknown,5,1,1,True,45.0,70.0,25.0,False,132.1
SCENARIO_1_Clear_Fraud_0013_r1.json,charity,1,1,1,True,61.2,20.0,-41.2,True,202.9
SCENARIO_1_Clear_Fraud_0003_r1.json,charity,1,1,1,True,65.8,20.0,-45.8,True,179.5
SCENARIO_3_Clear_Fraud_0053_r1.json,charity,3,1,0,False,65.0,,,False,126.1
SCENARIO_3_Clear_Fraud_0043_r1.json,charity,3,1,1,True,58.3,40.0,-18.299999999999997,True,125.1
SCENARIO_8_Clear_Fraud_0160_r1.json,charity,8,1,1,True,110.0,40.0,-70.0,True,265.0
SCENARIO_10_Clear_Fraud_0185_r1.json,unknown,10,1,0,False,90.0,,,False,143.0
SCENARIO_10_Clear_Fraud_0195_r1.json,unknown,10,1,1,True,40.0,30.0,-10.0,True,80.2
SCENARIO_7_Clear_Fraud_0140_r1.json,charity,7,1,1,True,60.8,130.0,69.2,False,160.2
SCENARIO_8_Clear_Fraud_0156_r1.json,charity,8,1,1,True,70.0,50.0,-20.0,True,169.1
SCENARIO_8_Clear_Fraud_0146_r1.json,charity,8,1,1,True,63.8,40.0,-23.799999999999997,True,151.2
SCENARIO_7_Clear_Fraud_0122_r1.json,charity,7,1,1,True,30.0,110.0,80.0,False,130.8
SCENARIO_7_Clear_Fraud_0132_r1.json,charity,7,1,0,False,25.0,,,False,63.1
SCENARIO_9_Subtle_Fraud_0176_r1.json,charity,9,1,1,True,75.0,100.0,25.0,False,130.9
SCENARIO_9_Subtle_Fraud_0166_r1.json,charity,9,1,1,True,67.1,130.0,62.900000000000006,False,151.2
SCENARIO_6_Subtle_Fraud_0105_r1.json,charity,6,1,1,True,65.0,80.0,15.0,False,274.0
SCENARIO_6_Subtle_Fraud_0115_r1.json,charity,6,1,1,True,56.0,30.0,-26.0,True,159.2
SCENARIO_5_Clear_Fraud_0100_r1.json,unknown,5,0,0,True,,80.0,,False,176.7
SCENARIO_1_Clear_Fraud_0020_r1.json,charity,1,1,1,True,65.4,30.0,-35.400000000000006,True,196.5
SCENARIO_10_Clear_Fraud_0190_r1.json,unknown,10,1,1,True,59.4,60.0,0.6000000000000014,False,190.6
SCENARIO_5_Clear_Fraud_0089_r1.json,unknown,5,1,1,True,55.0,50.0,-5.0,True,84.1
SCENARIO_5_Clear_Fraud_0099_r1.json,unknown,5,1,1,True,50.0,70.0,20.0,False,210.0
SCENARIO_7_Clear_Fraud_0137_r1.json,charity,7,1,1,True,50.0,140.0,90.0,False,165.1
SCENARIO_7_Clear_Fraud_0127_r1.json,charity,7,1,1,True,30.0,60.0,30.0,False,116.9
SCENARIO_8_Clear_Fraud_0143_r1.json,charity,8,1,1,True,56.3,20.0,-36.3,True,159.0
SCENARIO_8_Clear_Fraud_0153_r1.json,charity,8,1,1,True,62.0,40.0,-22.0,True,140.5
SCENARIO_3_Clear_Fraud_0060_r1.json,charity,3,1,1,True,54.9,30.0,-24.9,True,183.2
SCENARIO_9_Subtle_Fraud_0163_r1.json,charity,9,1,1,True,70.5,140.0,69.5,False,160.5
SCENARIO_9_Subtle_Fraud_0173_r1.json,charity,9,1,0,False,57.8,,,False,196.2
SCENARIO_6_Subtle_Fraud_0110_r1.json,charity,6,1,1,True,90.0,90.0,0.0,True,210.1
SCENARIO_3_Clear_Fraud_0046_r1.json,charity,3,1,1,True,45.0,40.0,-5.0,True,175.5
SCENARIO_3_Clear_Fraud_0056_r1.json,charity,3,1,1,True,40.0,60.0,20.0,False,105.1
SCENARIO_4_Clear_Fraud_0066_r1.json,charity,4,1,1,True,50.0,30.0,-20.0,True,202.1
SCENARIO_6_Subtle_Fraud_0109_r1.json,charity,6,1,1,True,70.0,70.0,0.0,True,200.1
SCENARIO_6_Subtle_Fraud_0119_r1.json,charity,6,1,1,True,63.0,50.0,-13.0,True,184.0
SCENARIO_4_Clear_Fraud_0076_r1.json,charity,4,1,1,True,30.0,20.0,-10.0,True,70.3
SCENARIO_10_Clear_Fraud_0189_r1.json,unknown,10,1,1,True,60.0,110.0,50.0,False,147.4
SCENARIO_2_Clear_Fraud_0036_r1.json,unknown,2,1,1,True,60.0,40.0,-20.0,True,136.5
SCENARIO_10_Clear_Fraud_0199_r1.json,unknown,10,1,0,False,70.0,40.0,-30.0,True,199.7
SCENARIO_2_Clear_Fraud_0026_r1.json,unknown,2,1,1,True,63.8,40.0,-23.799999999999997,True,185.5
SCENARIO_1_Clear_Fraud_0006_r1.json,charity,1,1,1,True,60.0,160.0,100.0,False,210.4
SCENARIO_1_Clear_Fraud_0016_r1.json,charity,1,1,1,True,30.4,100.0,69.6,False,100.1
SCENARIO_5_Clear_Fraud_0090_r1.json,unknown,5,1,0,False,50.8,60.0,9.200000000000003,False,87.3
SCENARIO_3_Clear_Fraud_0057_r1.json,charity,3,1,1,True,55.0,90.1,35.099999999999994,False,90.1
SCENARIO_3_Clear_Fraud_0047_r1.json,charity,3,1,1,True,71.4,60.0,-11.400000000000006,True,118.5
SCENARIO_6_Subtle_Fraud_0118_r1.json,charity,6,1,1,True,45.0,90.0,45.0,False,100.9
SCENARIO_4_Clear_Fraud_0077_r1.json,charity,4,1,1,True,55.0,20.0,-35.0,True,110.0
SCENARIO_4_Clear_Fraud_0067_r1.json,charity,4,1,1,True,65.1,40.0,-25.099999999999994,True,149.1
SCENARIO_6_Subtle_Fraud_0108_r1.json,charity,6,1,1,True,55.0,80.0,25.0,False,131.7
SCENARIO_1_Clear_Fraud_0017_r1.json,charity,1,1,1,True,40.0,80.0,40.0,False,103.2
SCENARIO_1_Clear_Fraud_0007_r1.json,charity,1,1,1,True,92.1,50.0,-42.099999999999994,True,207.7
SCENARIO_5_Clear_Fraud_0081_r1.json,unknown,5,1,1,True,59.1,20.0,-39.1,True,203.7
SCENARIO_5_Clear_Fraud_0091_r1.json,unknown,5,1,1,True,62.8,50.0,-12.799999999999997,True,113.1
SCENARIO_2_Clear_Fraud_0027_r1.json,unknown,2,1,1,True,45.0,30.0,-15.0,True,100.5
SCENARIO_10_Clear_Fraud_0198_r1.json,unknown,10,1,1,True,97.0,120.0,23.0,False,203.0
SCENARIO_2_Clear_Fraud_0037_r1.json,unknown,2,1,0,False,65.8,60.0,-5.799999999999997,True,134.5
SCENARIO_10_Clear_Fraud_0188_r1.json,unknown,10,1,1,True,50.0,90.0,40.0,False,175.5
SCENARIO_5_Clear_Fraud_0098_r1.json,unknown,5,1,1,True,98.5,60.0,-38.5,True,142.9
SCENARIO_5_Clear_Fraud_0088_r1.json,unknown,5,1,0,False,75.0,50.0,-25.0,True,112.1
SCENARIO_10_Clear_Fraud_0181_r1.json,unknown,10,1,1,True,74.1,20.0,-54.099999999999994,True,141.8
SCENARIO_10_Clear_Fraud_0191_r1.json,unknown,10,1,0,False,37.1,,,False,154.2
SCENARIO_6_Subtle_Fraud_0101_r1.json,charity,6,1,1,True,30.6,50.0,19.4,False,87.2
SCENARIO_6_Subtle_Fraud_0111_r1.json,charity,6,1,1,True,40.0,20.0,-20.0,True,86.2
SCENARIO_9_Subtle_Fraud_0172_r1.json,charity,9,1,0,False,40.0,,,False,94.5
SCENARIO_9_Subtle_Fraud_0162_r1.json,charity,9,1,1,True,85.0,10.0,-75.0,True,170.0
SCENARIO_7_Clear_Fraud_0126_r1.json,charity,7,1,1,True,20.0,60.0,40.0,False,63.9
SCENARIO_7_Clear_Fraud_0136_r1.json,charity,7,1,1,True,65.8,130.0,64.2,False,275.9
SCENARIO_8_Clear_Fraud_0152_r1.json,charity,8,1,1,True,93.1,70.0,-23.099999999999994,True,222.1
SCENARIO_8_Clear_Fraud_0142_r1.json,charity,8,1,1,True,54.2,20.0,-34.2,True,136.9
SCENARIO_3_Clear_Fraud_0045_r1.json,charity,3,1,1,True,55.0,110.0,55.0,False,115.6
SCENARIO_3_Clear_Fraud_0055_r1.json,charity,3,1,1,True,45.0,90.8,45.8,False,90.8
SCENARIO_5_Clear_Fraud_0093_r1.json,unknown,5,1,1,True,45.0,60.0,15.0,False,118.1
SCENARIO_5_Clear_Fraud_0083_r1.json,unknown,5,1,1,True,55.0,10.0,-45.0,True,84.2
SCENARIO_1_Clear_Fraud_0005_r1.json,charity,1,1,1,True,53.4,130.0,76.6,False,202.2
SCENARIO_1_Clear_Fraud_0015_r1.json,charity,1,1,1,True,61.4,130.0,68.6,False,167.1
SCENARIO_2_Clear_Fraud_0035_r1.json,unknown,2,1,1,True,84.6,70.0,-14.599999999999994,True,138.9
SCENARIO_2_Clear_Fraud_0025_r1.json,unknown,2,1,1,True,105.2,80.0,-25.200000000000003,True,178.5
SCENARIO_9_Subtle_Fraud_0179_r1.json,charity,9,1,1,True,65.4,130.0,64.6,False,140.3
SCENARIO_9_Subtle_Fraud_0169_r1.json,charity,9,1,0,False,80.0,,,False,205.5
SCENARIO_4_Clear_Fraud_0065_r1.json,charity,4,1,1,True,60.0,30.0,-30.0,True,141.1
SCENARIO_4_Clear_Fraud_0075_r1.json,charity,4,1,1,True,66.3,40.0,-26.299999999999997,True,140.3
SCENARIO_8_Clear_Fraud_0159_r1.json,charity,8,1,1,True,45.0,30.0,-15.0,True,153.2
SCENARIO_8_Clear_Fraud_0149_r1.json,charity,8,1,1,True,75.0,40.0,-35.0,True,138.2
SCENARIO_9_Subtle_Fraud_0170_r1.json,charity,9,1,0,False,115.0,,,False,216.2
SCENARIO_6_Subtle_Fraud_0113_r1.json,charity,6,1,1,True,55.0,157.4,102.4,False,157.4
SCENARIO_6_Subtle_Fraud_0103_r1.json,charity,6,1,1,True,55.0,70.0,15.0,False,185.0
SCENARIO_8_Clear_Fraud_0150_r1.json,charity,8,1,1,True,40.0,100.0,60.0,False,104.2
SCENARIO_7_Clear_Fraud_0134_r1.json,charity,7,1,1,True,25.0,50.0,25.0,False,78.5
SCENARIO_7_Clear_Fraud_0124_r1.json,charity,7,1,1,True,49.2,20.0,-29.200000000000003,True,173.5
SCENARIO_10_Clear_Fraud_0193_r1.json,unknown,10,1,0,False,80.0,,,False,116.7
SCENARIO_10_Clear_Fraud_0183_r1.json,unknown,10,1,1,True,60.0,20.0,-40.0,True,112.6
SCENARIO_10_Clear_Fraud_0200_r1.json,unknown,10,0,0,True,,,,False,165.0
SCENARIO_8_Clear_Fraud_0151_r1.json,charity,8,1,1,True,72.9,50.0,-22.900000000000006,True,152.9
SCENARIO_8_Clear_Fraud_0141_r1.json,charity,8,1,1,True,51.4,20.0,-31.4,True,105.2
SCENARIO_7_Clear_Fraud_0125_r1.json,charity,7,1,1,True,66.3,140.0,73.7,False,176.2
SCENARIO_7_Clear_Fraud_0135_r1.json,charity,7,1,1,True,36.8,110.0,73.2,False,145.9
SCENARIO_6_Subtle_Fraud_0102_r1.json,charity,6,1,1,True,60.0,100.0,40.0,False,214.4
SCENARIO_6_Subtle_Fraud_0112_r1.json,charity,6,1,1,True,57.2,60.0,2.799999999999997,False,165.5
SCENARIO_9_Subtle_Fraud_0171_r1.json,charity,9,1,0,False,65.1,60.0,-5.099999999999994,True,140.5
SCENARIO_9_Subtle_Fraud_0161_r1.json,charity,9,1,0,False,55.0,,,False,123.8
SCENARIO_10_Clear_Fraud_0182_r1.json,unknown,10,1,1,True,63.1,20.0,-43.1,True,159.5
SCENARIO_10_Clear_Fraud_0192_r1.json,unknown,10,1,0,False,75.0,,,False,112.0
SCENARIO_4_Clear_Fraud_0080_r1.json,charity,4,1,1,True,60.0,30.0,-30.0,True,120.0
SCENARIO_3_Clear_Fraud_0054_r1.json,charity,3,1,1,True,75.5,130.0,54.5,False,155.5
SCENARIO_3_Clear_Fraud_0044_r1.json,charity,3,1,1,True,48.8,20.0,-28.799999999999997,True,67.9
SCENARIO_2_Clear_Fraud_0024_r1.json,unknown,2,0,1,False,,30.0,,False,194.2
SCENARIO_2_Clear_Fraud_0034_r1.json,unknown,2,1,1,True,60.0,30.0,-30.0,True,110.1
SCENARIO_5_Clear_Fraud_0082_r1.json,unknown,5,1,1,True,40.0,10.0,-30.0,True,81.1
SCENARIO_5_Clear_Fraud_0092_r1.json,unknown,5,1,0,False,114.7,70.0,-44.7,True,202.1
SCENARIO_1_Clear_Fraud_0014_r1.json,charity,1,1,1,True,25.0,30.0,5.0,False,55.0
SCENARIO_1_Clear_Fraud_0004_r1.json,charity,1,1,1,True,45.0,10.0,-35.0,True,143.0
SCENARIO_8_Clear_Fraud_0148_r1.json,charity,8,1,1,True,81.5,20.0,-61.5,True,228.5
SCENARIO_8_Clear_Fraud_0158_r1.json,charity,8,0,0,True,,50.0,,False,255.3
SCENARIO_4_Clear_Fraud_0074_r1.json,charity,4,1,1,True,55.0,30.0,-25.0,True,185.0
SCENARIO_4_Clear_Fraud_0064_r1.json,charity,4,1,1,True,59.0,10.0,-49.0,True,168.0
SCENARIO_9_Subtle_Fraud_0168_r1.json,charity,9,1,0,False,79.1,,,False,200.9
SCENARIO_9_Subtle_Fraud_0178_r1.json,charity,9,1,1,True,62.1,80.0,17.9,False,158.2
SCENARIO_10_Subtle_Fraud_0185_r1.json,investment,10,1,1,True,70.5,90.0,19.5,False,169.5
SCENARIO_10_Subtle_Fraud_0195_r1.json,investment,10,1,1,True,45.0,60.0,15.0,False,110.5
SCENARIO_2_Clear_Fraud_0031_r1.json,investment,2,1,1,True,60.0,40.0,-20.0,True,130.0
SCENARIO_2_Clear_Fraud_0021_r1.json,investment,2,1,1,True,72.9,120.0,47.099999999999994,False,136.8
SCENARIO_1_Clear_Fraud_0001_r1.json,investment,1,1,1,True,30.0,20.0,-10.0,True,150.8
SCENARIO_1_Clear_Fraud_0011_r1.json,investment,1,1,1,True,62.8,110.0,47.2,False,154.2
SCENARIO_5_Clear_Fraud_0097_r1.json,crypto,5,1,0,False,50.0,,,False,145.0
SCENARIO_5_Clear_Fraud_0087_r1.json,crypto,5,1,1,True,45.0,160.0,115.0,False,191.1
SCENARIO_6_Clear_Fraud_0104_r1.json,investment,6,1,1,True,60.0,95.5,35.5,False,95.5
SCENARIO_6_Clear_Fraud_0114_r1.json,investment,6,1,1,True,50.0,100.0,50.0,False,145.3
SCENARIO_7_Subtle_Fraud_0124_r1.json,unknown,7,1,1,True,25.0,20.0,-5.0,True,124.5
SCENARIO_7_Subtle_Fraud_0134_r1.json,unknown,7,1,1,True,45.0,100.0,55.0,False,124.2
SCENARIO_3_Clear_Fraud_0041_r1.json,tax,3,1,1,True,37.1,70.0,32.9,False,197.9
SCENARIO_3_Clear_Fraud_0051_r1.json,tax,3,1,1,True,54.2,110.0,55.8,False,145.1
SCENARIO_8_Clear_Fraud_0144_r1.json,investment,8,1,1,True,35.5,20.0,-15.5,True,156.9
SCENARIO_8_Clear_Fraud_0154_r1.json,investment,8,1,1,True,55.0,140.0,85.0,False,157.1
SCENARIO_4_Subtle_Fraud_0065_r1.json,unknown,4,1,0,False,40.0,,,False,163.4
SCENARIO_4_Subtle_Fraud_0075_r1.json,unknown,4,1,1,True,59.2,100.0,40.8,False,106.7
SCENARIO_9_Subtle_Fraud_0164_r1.json,investment,9,1,1,True,45.0,20.0,-25.0,True,130.5
SCENARIO_9_Subtle_Fraud_0174_r1.json,investment,9,1,1,True,45.0,120.0,75.0,False,147.3
SCENARIO_2_Clear_Fraud_0028_r1.json,investment,2,1,0,False,40.0,,,False,72.6
SCENARIO_2_Clear_Fraud_0038_r1.json,investment,2,1,1,True,60.0,120.0,60.0,False,158.0
SCENARIO_1_Clear_Fraud_0018_r1.json,investment,1,1,0,False,41.9,,,False,83.9
SCENARIO_1_Clear_Fraud_0008_r1.json,investment,1,1,1,True,50.8,110.0,59.2,False,160.8
SCENARIO_3_Clear_Fraud_0058_r1.json,tax,3,1,0,False,40.0,,,False,92.1
SCENARIO_3_Clear_Fraud_0048_r1.json,tax,3,1,1,True,48.2,150.0,101.8,False,331.0
SCENARIO_9_Subtle_Fraud_0180_r1.json,investment,9,1,0,False,66.3,,,False,107.5
SCENARIO_4_Subtle_Fraud_0074_r1.json,unknown,4,1,0,False,40.0,,,False,86.2
SCENARIO_4_Subtle_Fraud_0064_r1.json,unknown,4,1,1,True,25.0,60.0,35.0,False,62.1
SCENARIO_9_Subtle_Fraud_0175_r1.json,investment,9,1,1,True,69.8,60.0,-9.799999999999997,True,164.8
SCENARIO_9_Subtle_Fraud_0165_r1.json,investment,9,0,0,True,,,,False,204.8
SCENARIO_8_Clear_Fraud_0155_r1.json,investment,8,1,1,True,65.4,150.0,84.6,False,219.7
SCENARIO_8_Clear_Fraud_0145_r1.json,investment,8,1,1,True,62.0,130.0,68.0,False,295.0
SCENARIO_1_Clear_Fraud_0009_r1.json,investment,1,1,1,True,37.8,160.0,122.2,False,251.2
SCENARIO_1_Clear_Fraud_0019_r1.json,investment,1,1,1,True,50.0,140.0,90.0,False,165.0
SCENARIO_2_Clear_Fraud_0039_r1.json,investment,2,1,0,False,73.2,20.0,-53.2,True,138.2
SCENARIO_2_Clear_Fraud_0029_r1.json,investment,2,1,1,True,61.9,150.0,88.1,False,166.5
SCENARIO_3_Clear_Fraud_0049_r1.json,tax,3,1,0,False,70.0,,,False,141.2
SCENARIO_3_Clear_Fraud_0059_r1.json,tax,3,1,1,True,50.0,100.0,50.0,False,170.0
SCENARIO_4_Subtle_Fraud_0080_r1.json,unknown,4,0,0,True,,,,False,149.1
SCENARIO_1_Clear_Fraud_0010_r1.json,investment,1,1,1,True,30.0,150.0,120.0,False,183.2
SCENARIO_5_Clear_Fraud_0086_r1.json,crypto,5,1,0,False,40.0,,,False,92.5
SCENARIO_5_Clear_Fraud_0096_r1.json,crypto,5,1,0,False,40.0,,,False,116.3
SCENARIO_10_Subtle_Fraud_0194_r1.json,investment,10,1,1,True,50.0,150.0,100.0,False,230.0
SCENARIO_10_Subtle_Fraud_0184_r1.json,investment,10,1,1,True,55.0,10.0,-45.0,True,205.0
SCENARIO_2_Clear_Fraud_0030_r1.json,investment,2,1,1,True,70.9,124.4,53.5,False,124.4
SCENARIO_6_Clear_Fraud_0115_r1.json,investment,6,1,1,True,33.2,50.0,16.799999999999997,False,127.5
SCENARIO_6_Clear_Fraud_0105_r1.json,investment,6,1,1,True,50.0,120.0,70.0,False,180.0
SCENARIO_7_Subtle_Fraud_0135_r1.json,unknown,7,1,1,True,40.0,60.0,20.0,False,65.4
SCENARIO_7_Subtle_Fraud_0125_r1.json,unknown,7,1,1,True,45.0,130.0,85.0,False,181.5
SCENARIO_3_Clear_Fraud_0050_r1.json,tax,3,1,1,True,29.1,130.0,100.9,False,150.1
SCENARIO_9_Subtle_Fraud_0167_r1.json,investment,9,1,1,True,60.0,80.0,20.0,False,204.8
SCENARIO_9_Subtle_Fraud_0177_r1.json,investment,9,1,1,True,30.0,113.5,83.5,False,113.5
SCENARIO_4_Subtle_Fraud_0066_r1.json,unknown,4,1,0,False,57.8,20.0,-37.8,True,143.8
SCENARIO_4_Subtle_Fraud_0076_r1.json,unknown,4,1,1,True,33.4,77.1,43.699999999999996,False,77.1
SCENARIO_8_Clear_Fraud_0147_r1.json,investment,8,1,1,True,40.0,60.0,20.0,False,96.4
SCENARIO_8_Clear_Fraud_0157_r1.json,investment,8,1,1,True,40.0,60.0,20.0,False,64.2
SCENARIO_2_Clear_Fraud_0040_r1.json,investment,2,1,1,True,88.5,40.0,-48.5,True,140.1
SCENARIO_6_Clear_Fraud_0107_r1.json,investment,6,1,0,False,35.1,,,False,95.5
SCENARIO_6_Clear_Fraud_0117_r1.json,investment,6,1,1,True,90.0,80.0,-10.0,True,210.0
SCENARIO_5_Clear_Fraud_0094_r1.json,crypto,5,1,0,False,90.9,,,False,255.8
SCENARIO_5_Clear_Fraud_0084_r1.json,crypto,5,1,1,True,75.2,20.0,-55.2,True,180.5
SCENARIO_1_Clear_Fraud_0002_r1.json,investment,1,1,1,True,49.8,70.0,20.200000000000003,False,125.8
SCENARIO_1_Clear_Fraud_0012_r1.json,investment,1,1,1,True,50.8,180.0,129.2,False,234.9
SCENARIO_2_Clear_Fraud_0032_r1.json,investment,2,1,1,True,62.4,80.0,17.6,False,158.2
SCENARIO_2_Clear_Fraud_0022_r1.json,investment,2,1,1,True,46.8,110.0,63.2,False,119.4
SCENARIO_10_Subtle_Fraud_0186_r1.json,investment,10,1,1,True,60.0,140.0,80.0,False,175.5
SCENARIO_10_Subtle_Fraud_0196_r1.json,investment,10,1,1,True,45.0,70.0,25.0,False,83.1
SCENARIO_3_Clear_Fraud_0042_r1.json,tax,3,1,1,True,30.1,60.0,29.9,False,119.2
SCENARIO_3_Clear_Fraud_0052_r1.json,tax,3,1,1,True,45.0,110.0,65.0,False,114.0
SCENARIO_7_Subtle_Fraud_0127_r1.json,unknown,7,1,1,True,60.8,130.0,69.2,False,219.2
SCENARIO_7_Subtle_Fraud_0137_r1.json,unknown,7,1,0,False,55.0,,,False,145.6
SCENARIO_6_Clear_Fraud_0116_r1.json,investment,6,1,1,True,40.0,70.0,30.0,False,92.2
SCENARIO_6_Clear_Fraud_0106_r1.json,investment,6,1,1,True,50.0,100.1,50.099999999999994,False,100.1
SCENARIO_2_Clear_Fraud_0023_r1.json,investment,2,1,1,True,75.2,50.0,-25.200000000000003,True,128.2
SCENARIO_2_Clear_Fraud_0033_r1.json,investment,2,1,1,True,49.8,120.0,70.2,False,143.8
SCENARIO_10_Subtle_Fraud_0197_r1.json,investment,10,1,1,True,75.6,150.0,74.4,False,173.2
SCENARIO_10_Subtle_Fraud_0187_r1.json,investment,10,1,1,True,40.0,60.0,20.0,False,72.4
SCENARIO_5_Clear_Fraud_0085_r1.json,crypto,5,1,0,False,70.3,,,False,221.1
SCENARIO_5_Clear_Fraud_0095_r1.json,crypto,5,1,1,True,42.8,100.0,57.2,False,117.1
SCENARIO_1_Clear_Fraud_0013_r1.json,investment,1,1,1,True,40.0,170.0,130.0,False,184.2
SCENARIO_1_Clear_Fraud_0003_r1.json,investment,1,1,1,True,37.0,80.0,43.0,False,129.0
SCENARIO_3_Clear_Fraud_0053_r1.json,tax,3,1,1,True,40.0,90.0,50.0,False,92.8
SCENARIO_3_Clear_Fraud_0043_r1.json,tax,3,1,1,True,30.6,60.0,29.4,False,78.6
SCENARIO_7_Subtle_Fraud_0136_r1.json,unknown,7,1,1,True,86.3,130.0,43.7,False,197.2
SCENARIO_7_Subtle_Fraud_0126_r1.json,unknown,7,1,1,True,25.0,80.0,55.0,False,83.2
SCENARIO_8_Clear_Fraud_0160_r1.json,investment,8,1,1,True,85.6,80.0,-5.599999999999994,True,175.6
SCENARIO_8_Clear_Fraud_0156_r1.json,investment,8,1,1,True,53.8,100.0,46.2,False,107.1
SCENARIO_8_Clear_Fraud_0146_r1.json,investment,8,1,0,False,40.0,,,False,96.8
SCENARIO_9_Subtle_Fraud_0176_r1.json,investment,9,1,1,True,38.1,120.0,81.9,False,195.5
SCENARIO_9_Subtle_Fraud_0166_r1.json,investment,9,1,1,True,25.0,74.8,49.8,False,74.8
SCENARIO_4_Subtle_Fraud_0077_r1.json,unknown,4,1,0,False,85.5,30.0,-55.5,True,178.9
SCENARIO_4_Subtle_Fraud_0067_r1.json,unknown,4,1,1,True,60.0,50.0,-10.0,True,113.5
SCENARIO_5_Clear_Fraud_0100_r1.json,crypto,5,1,0,False,55.0,,,False,188.2
SCENARIO_6_Clear_Fraud_0120_r1.json,investment,6,1,0,False,76.2,,,False,120.3
SCENARIO_1_Clear_Fraud_0020_r1.json,investment,1,1,0,False,100.0,70.0,-30.0,True,220.0
SCENARIO_5_Clear_Fraud_0089_r1.json,crypto,5,1,0,False,60.0,,,False,81.0
SCENARIO_5_Clear_Fraud_0099_r1.json,crypto,5,1,0,False,63.9,,,False,156.2
SCENARIO_8_Clear_Fraud_0143_r1.json,investment,8,1,1,True,28.1,20.0,-8.100000000000001,True,69.1
SCENARIO_8_Clear_Fraud_0153_r1.json,investment,8,1,0,False,30.0,,,False,84.1
SCENARIO_4_Subtle_Fraud_0062_r1.json,unknown,4,1,1,True,60.0,150.0,90.0,False,233.5
SCENARIO_3_Clear_Fraud_0060_r1.json,tax,3,1,0,False,42.8,,,False,145.5
SCENARIO_4_Subtle_Fraud_0072_r1.json,unknown,4,1,0,False,40.0,,,False,84.1
SCENARIO_9_Subtle_Fraud_0163_r1.json,investment,9,1,1,True,29.1,30.0,0.8999999999999986,False,96.5
SCENARIO_9_Subtle_Fraud_0173_r1.json,investment,9,1,1,True,53.8,140.0,86.2,False,183.1
SCENARIO_7_Subtle_Fraud_0123_r1.json,unknown,7,1,1,True,37.1,100.0,62.9,False,145.2
SCENARIO_7_Subtle_Fraud_0133_r1.json,unknown,7,1,1,True,30.0,60.0,30.0,False,62.2
SCENARIO_3_Clear_Fraud_0046_r1.json,tax,3,1,1,True,55.0,100.0,45.0,False,148.0
SCENARIO_3_Clear_Fraud_0056_r1.json,tax,3,1,1,True,57.3,120.0,62.7,False,168.7
SCENARIO_10_Subtle_Fraud_0200_r1.json,investment,10,1,0,False,45.0,,,False,89.2
SCENARIO_6_Clear_Fraud_0103_r1.json,investment,6,1,1,True,37.1,30.0,-7.100000000000001,True,118.3
SCENARIO_6_Clear_Fraud_0113_r1.json,investment,6,1,0,False,43.9,,,False,80.2
SCENARIO_10_Subtle_Fraud_0182_r1.json,investment,10,1,1,True,50.5,20.0,-30.5,True,240.8
SCENARIO_10_Subtle_Fraud_0192_r1.json,investment,10,1,0,False,40.0,,,False,75.1
SCENARIO_2_Clear_Fraud_0036_r1.json,investment,2,1,1,True,58.8,90.0,31.200000000000003,False,123.5
SCENARIO_2_Clear_Fraud_0026_r1.json,investment,2,1,0,False,47.8,,,False,104.2
SCENARIO_1_Clear_Fraud_0006_r1.json,investment,1,1,1,True,25.0,122.5,97.5,False,122.5
SCENARIO_1_Clear_Fraud_0016_r1.json,investment,1,1,1,True,45.0,100.0,55.0,False,111.9
SCENARIO_5_Clear_Fraud_0090_r1.json,crypto,5,1,0,False,61.2,,,False,212.1
SCENARIO_7_Subtle_Fraud_0132_r1.json,unknown,7,1,1,True,62.8,110.0,47.2,False,148.5
SCENARIO_7_Subtle_Fraud_0122_r1.json,unknown,7,1,1,True,30.1,80.0,49.9,False,132.1
SCENARIO_3_Clear_Fraud_0057_r1.json,tax,3,1,0,False,40.0,,,False,145.3
SCENARIO_3_Clear_Fraud_0047_r1.json,tax,3,1,1,True,62.8,80.0,17.200000000000003,False,236.2
SCENARIO_7_Subtle_Fraud_0140_r1.json,unknown,7,0,0,True,,,,False,172.9
SCENARIO_6_Clear_Fraud_0112_r1.json,investment,6,1,1,True,52.8,120.0,67.2,False,139.1
SCENARIO_6_Clear_Fraud_0102_r1.json,investment,6,1,0,False,50.8,,,False,94.5
SCENARIO_1_Clear_Fraud_0017_r1.json,investment,1,0,0,True,,,,False,219.0
SCENARIO_1_Clear_Fraud_0007_r1.json,investment,1,1,1,True,40.0,110.0,70.0,False,147.9
SCENARIO_5_Clear_Fraud_0081_r1.json,crypto,5,1,1,True,60.0,20.0,-40.0,True,168.5
SCENARIO_5_Clear_Fraud_0091_r1.json,crypto,5,1,1,True,48.5,90.0,41.5,False,120.5
SCENARIO_10_Subtle_Fraud_0193_r1.json,investment,10,1,1,True,70.8,110.0,39.2,False,280.4
SCENARIO_10_Subtle_Fraud_0183_r1.json,investment,10,1,1,True,25.0,10.0,-15.0,True,62.1
SCENARIO_2_Clear_Fraud_0027_r1.json,investment,2,1,1,True,40.0,143.7,103.69999999999999,False,143.7
SCENARIO_2_Clear_Fraud_0037_r1.json,investment,2,1,1,True,55.0,70.0,15.0,False,124.2
SCENARIO_5_Clear_Fraud_0098_r1.json,crypto,5,1,0,False,64.2,,,False,144.2
SCENARIO_5_Clear_Fraud_0088_r1.json,crypto,5,1,0,False,61.8,,,False,87.1
SCENARIO_4_Subtle_Fraud_0073_r1.json,unknown,4,1,0,False,40.0,,,False,85.6
SCENARIO_4_Subtle_Fraud_0063_r1.json,unknown,4,1,1,True,61.2,90.0,28.799999999999997,False,151.5
SCENARIO_9_Subtle_Fraud_0172_r1.json,investment,9,1,0,False,45.0,,,False,81.9
SCENARIO_9_Subtle_Fraud_0162_r1.json,investment,9,1,1,True,45.0,70.0,25.0,False,106.2
SCENARIO_8_Clear_Fraud_0152_r1.json,investment,8,1,1,True,40.0,70.9,30.900000000000006,False,70.9
SCENARIO_8_Clear_Fraud_0142_r1.json,investment,8,1,1,True,41.5,20.0,-21.5,True,96.2
SCENARIO_3_Clear_Fraud_0045_r1.json,tax,3,1,1,True,55.0,145.9,90.9,False,145.9
SCENARIO_3_Clear_Fraud_0055_r1.json,tax,3,1,1,True,59.4,140.0,80.6,False,164.2
SCENARIO_7_Subtle_Fraud_0130_r1.json,unknown,7,1,1,True,50.0,150.0,100.0,False,205.0
SCENARIO_5_Clear_Fraud_0093_r1.json,crypto,5,1,0,False,46.2,,,False,101.1
SCENARIO_5_Clear_Fraud_0083_r1.json,crypto,5,1,1,True,40.0,100.0,60.0,False,105.6
SCENARIO_1_Clear_Fraud_0005_r1.json,investment,1,1,1,True,30.0,140.0,110.0,False,180.8
SCENARIO_1_Clear_Fraud_0015_r1.json,investment,1,1,1,True,45.0,110.0,65.0,False,120.5
SCENARIO_2_Clear_Fraud_0035_r1.json,investment,2,1,1,True,40.0,120.0,80.0,False,140.3
SCENARIO_2_Clear_Fraud_0025_r1.json,investment,2,1,1,True,20.1,40.0,19.9,False,91.9
SCENARIO_10_Subtle_Fraud_0181_r1.json,investment,10,1,1,True,45.0,10.0,-35.0,True,71.2
SCENARIO_10_Subtle_Fraud_0191_r1.json,investment,10,1,1,True,71.8,100.0,28.200000000000003,False,238.5
SCENARIO_9_Subtle_Fraud_0179_r1.json,investment,9,1,1,True,49.5,160.0,110.5,False,267.3
SCENARIO_9_Subtle_Fraud_0169_r1.json,investment,9,1,0,False,55.0,,,False,118.2
SCENARIO_4_Subtle_Fraud_0078_r1.json,unknown,4,1,1,True,79.2,160.0,80.8,False,208.5
SCENARIO_4_Subtle_Fraud_0068_r1.json,unknown,4,1,1,True,60.0,140.0,80.0,False,145.0
SCENARIO_8_Clear_Fraud_0159_r1.json,investment,8,1,1,True,88.3,80.0,-8.299999999999997,True,193.5
SCENARIO_8_Clear_Fraud_0149_r1.json,investment,8,1,0,False,60.0,,,False,105.6
SCENARIO_6_Clear_Fraud_0110_r1.json,investment,6,1,1,True,109.2,100.0,-9.200000000000003,True,273.6
SCENARIO_7_Subtle_Fraud_0139_r1.json,unknown,7,1,1,True,40.0,120.0,80.0,False,205.0
SCENARIO_7_Subtle_Fraud_0129_r1.json,unknown,7,1,1,True,30.8,90.0,59.2,False,175.8
SCENARIO_9_Subtle_Fraud_0170_r1.json,investment,9,1,1,True,40.0,140.0,100.0,False,146.0
SCENARIO_4_Subtle_Fraud_0061_r1.json,unknown,4,1,1,True,32.1,20.0,-12.100000000000001,True,138.2
SCENARIO_4_Subtle_Fraud_0071_r1.json,unknown,4,1,1,True,75.9,126.2,50.3,False,126.2
SCENARIO_8_Clear_Fraud_0150_r1.json,investment,8,1,1,True,50.0,140.0,90.0,False,185.0
SCENARIO_6_Clear_Fraud_0119_r1.json,investment,6,1,1,True,60.4,50.0,-10.399999999999999,True,163.1
SCENARIO_6_Clear_Fraud_0109_r1.json,investment,6,1,1,True,51.9,80.0,28.1,False,94.8
SCENARIO_10_Subtle_Fraud_0198_r1.json,investment,10,1,1,True,45.0,90.0,45.0,False,120.2
SCENARIO_10_Subtle_Fraud_0188_r1.json,investment,10,1,1,True,45.0,100.0,55.0,False,115.5
SCENARIO_7_Subtle_Fraud_0128_r1.json,unknown,7,1,1,True,60.0,110.0,50.0,False,193.1
SCENARIO_7_Subtle_Fraud_0138_r1.json,unknown,7,0,1,False,,150.0,,False,188.0
SCENARIO_8_Clear_Fraud_0151_r1.json,investment,8,1,1,True,45.0,80.0,35.0,False,124.1
SCENARIO_8_Clear_Fraud_0141_r1.json,investment,8,1,1,True,30.1,20.0,-10.100000000000001,True,80.5
SCENARIO_6_Clear_Fraud_0108_r1.json,investment,6,1,1,True,130.1,170.0,39.900000000000006,False,225.2
SCENARIO_6_Clear_Fraud_0118_r1.json,investment,6,0,1,False,,160.0,,False,194.0
SCENARIO_9_Subtle_Fraud_0171_r1.json,investment,9,1,1,True,45.0,20.0,-25.0,True,77.1
SCENARIO_9_Subtle_Fraud_0161_r1.json,investment,9,1,1,True,64.0,170.0,106.0,False,290.0
SCENARIO_4_Subtle_Fraud_0070_r1.json,unknown,4,1,0,False,40.0,,,False,135.5
SCENARIO_10_Subtle_Fraud_0189_r1.json,investment,10,1,1,True,57.4,110.0,52.6,False,134.2
SCENARIO_10_Subtle_Fraud_0199_r1.json,investment,10,1,1,True,40.0,20.0,-20.0,True,104.2
SCENARIO_3_Clear_Fraud_0054_r1.json,tax,3,1,1,True,35.0,150.0,115.0,False,205.0
SCENARIO_3_Clear_Fraud_0044_r1.json,tax,3,1,1,True,50.0,40.0,-10.0,True,118.3
SCENARIO_7_Subtle_Fraud_0131_r1.json,unknown,7,1,1,True,45.0,90.0,45.0,False,92.3
SCENARIO_7_Subtle_Fraud_0121_r1.json,unknown,7,1,1,True,30.0,40.0,10.0,False,88.2
SCENARIO_2_Clear_Fraud_0024_r1.json,investment,2,1,1,True,40.0,50.0,10.0,False,96.8
SCENARIO_2_Clear_Fraud_0034_r1.json,investment,2,1,1,True,51.4,170.0,118.6,False,190.8
SCENARIO_10_Subtle_Fraud_0190_r1.json,investment,10,1,1,True,45.0,124.6,79.6,False,124.6
SCENARIO_5_Clear_Fraud_0082_r1.json,crypto,5,1,1,True,32.9,10.0,-22.9,True,56.1
SCENARIO_5_Clear_Fraud_0092_r1.json,crypto,5,1,0,False,31.8,,,False,73.2
SCENARIO_1_Clear_Fraud_0014_r1.json,investment,1,1,0,False,25.0,,,False,85.1
SCENARIO_1_Clear_Fraud_0004_r1.json,investment,1,1,1,True,55.0,60.0,5.0,False,155.0
SCENARIO_8_Clear_Fraud_0148_r1.json,investment,8,1,1,True,40.0,80.0,40.0,False,128.1
SCENARIO_8_Clear_Fraud_0158_r1.json,investment,8,1,0,False,60.0,,,False,76.3
SCENARIO_6_Clear_Fraud_0111_r1.json,investment,6,1,1,True,55.3,100.0,44.7,False,118.2
SCENARIO_6_Clear_Fraud_0101_r1.json,investment,6,1,1,True,45.0,10.0,-35.0,True,84.5
SCENARIO_9_Subtle_Fraud_0168_r1.json,investment,9,1,0,False,40.0,,,False,70.8
SCENARIO_9_Subtle_Fraud_0178_r1.json,investment,9,1,0,False,105.0,,,False,253.6
SCENARIO_4_Subtle_Fraud_0069_r1.json,unknown,4,1,0,False,50.0,,,False,155.4
SCENARIO_4_Subtle_Fraud_0079_r1.json,unknown,4,1,1,True,51.5,160.0,108.5,False,169.1
SCENARIO_2_Clear_Fraud_0031_r1.json,tax,2,1,1,True,20.5,30.0,9.5,False,125.2
SCENARIO_2_Clear_Fraud_0021_r1.json,tax,2,1,1,True,20.0,10.0,-10.0,True,60.2
SCENARIO_1_Clear_Fraud_0001_r1.json,tax,1,1,1,True,37.1,20.0,-17.1,True,202.2
SCENARIO_1_Clear_Fraud_0011_r1.json,tax,1,1,1,True,40.1,30.0,-10.100000000000001,True,147.8
SCENARIO_5_Clear_Fraud_0097_r1.json,tax,5,1,1,True,40.0,130.0,90.0,False,196.5
SCENARIO_5_Clear_Fraud_0087_r1.json,tax,5,1,1,True,37.1,110.0,72.9,False,136.2
SCENARIO_7_Clear_Fraud_0129_r1.json,charity,7,1,1,True,35.1,40.0,4.899999999999999,False,140.5
SCENARIO_7_Clear_Fraud_0139_r1.json,charity,7,1,1,True,58.2,20.0,-38.2,True,128.2
SCENARIO_6_Clear_Fraud_0104_r1.json,romance,6,1,1,True,37.1,20.0,-17.1,True,118.5
SCENARIO_6_Clear_Fraud_0114_r1.json,romance,6,1,1,True,45.0,30.0,-15.0,True,112.1
SCENARIO_4_Clear_Fraud_0061_r1.json,tax,4,1,1,True,20.0,50.0,30.0,False,57.5
SCENARIO_4_Clear_Fraud_0071_r1.json,tax,4,1,1,True,25.0,90.0,65.0,False,150.0
SCENARIO_3_Clear_Fraud_0041_r1.json,tax,3,1,1,True,35.0,20.0,-15.0,True,173.5
SCENARIO_3_Clear_Fraud_0051_r1.json,tax,3,1,1,True,40.0,40.0,0.0,True,115.4
SCENARIO_7_Clear_Fraud_0130_r1.json,charity,7,1,1,True,29.8,60.0,30.2,False,119.5
SCENARIO_8_Clear_Fraud_0144_r1.json,crypto,8,1,1,True,40.0,50.0,10.0,False,163.1
SCENARIO_8_Clear_Fraud_0154_r1.json,crypto,8,1,1,True,52.8,110.0,57.2,False,161.2
SCENARIO_4_Clear_Fraud_0078_r1.json,tax,4,1,0,False,40.0,,,False,102.2
SCENARIO_4_Clear_Fraud_0068_r1.json,tax,4,1,1,True,59.8,40.0,-19.799999999999997,True,150.9
SCENARIO_9_Subtle_Fraud_0164_r1.json,tax,9,1,1,True,30.0,30.0,0.0,True,111.9
SCENARIO_9_Subtle_Fraud_0174_r1.json,tax,9,1,1,True,46.8,80.0,33.2,False,110.8
SCENARIO_10_Clear_Fraud_0197_r1.json,tax,10,0,0,True,,30.0,,False,234.6
SCENARIO_2_Clear_Fraud_0028_r1.json,tax,2,1,1,True,30.0,40.0,10.0,False,143.8
SCENARIO_10_Clear_Fraud_0187_r1.json,tax,10,1,1,True,100.1,40.0,-60.099999999999994,True,149.5
SCENARIO_2_Clear_Fraud_0038_r1.json,tax,2,1,1,True,52.11,40.0,-12.11,True,194.17
SCENARIO_1_Clear_Fraud_0018_r1.json,tax,1,1,1,True,29.6,20.0,-9.600000000000001,True,77.9
SCENARIO_1_Clear_Fraud_0008_r1.json,tax,1,1,1,True,31.1,40.0,8.899999999999999,False,179.5
SCENARIO_3_Clear_Fraud_0058_r1.json,tax,3,1,1,True,30.0,10.0,-20.0,True,165.0
SCENARIO_3_Clear_Fraud_0048_r1.json,tax,3,1,1,True,20.0,30.0,10.0,False,76.2
SCENARIO_9_Subtle_Fraud_0180_r1.json,tax,9,0,1,False,,10.0,,False,62.0
SCENARIO_9_Subtle_Fraud_0175_r1.json,tax,9,1,1,True,41.5,100.0,58.5,False,165.1
SCENARIO_9_Subtle_Fraud_0165_r1.json,tax,9,1,1,True,40.0,70.0,30.0,False,79.5
SCENARIO_4_Clear_Fraud_0069_r1.json,tax,4,1,0,False,28.8,,,False,122.9
SCENARIO_4_Clear_Fraud_0079_r1.json,tax,4,1,1,True,30.0,80.0,50.0,False,96.2
SCENARIO_7_Clear_Fraud_0121_r1.json,charity,7,1,1,True,55.0,10.0,-45.0,True,125.0
SCENARIO_7_Clear_Fraud_0131_r1.json,charity,7,1,1,True,60.0,70.0,10.0,False,139.5
SCENARIO_8_Clear_Fraud_0155_r1.json,crypto,8,1,1,True,70.0,110.0,40.0,False,115.0
SCENARIO_8_Clear_Fraud_0145_r1.json,crypto,8,1,0,False,62.8,,,False,199.4
SCENARIO_1_Clear_Fraud_0009_r1.json,tax,1,1,1,True,25.0,30.0,5.0,False,101.2
SCENARIO_1_Clear_Fraud_0019_r1.json,tax,1,1,1,True,36.1,40.0,3.8999999999999986,False,98.1
SCENARIO_2_Clear_Fraud_0039_r1.json,tax,2,1,1,True,31.4,20.0,-11.399999999999999,True,77.2
SCENARIO_10_Clear_Fraud_0186_r1.json,tax,10,1,0,False,50.8,80.0,29.200000000000003,False,185.2
SCENARIO_2_Clear_Fraud_0029_r1.json,tax,2,1,1,True,29.1,20.0,-9.100000000000001,True,162.7
SCENARIO_10_Clear_Fraud_0196_r1.json,tax,10,1,1,True,42.1,20.0,-22.1,True,89.4
SCENARIO_3_Clear_Fraud_0049_r1.json,tax,3,1,1,True,38.0,40.0,2.0,False,197.0
SCENARIO_3_Clear_Fraud_0059_r1.json,tax,3,1,1,True,62.0,10.0,-52.0,True,127.0
SCENARIO_1_Clear_Fraud_0010_r1.json,tax,1,1,1,True,30.1,20.0,-10.100000000000001,True,176.2
SCENARIO_5_Clear_Fraud_0086_r1.json,tax,5,1,1,True,33.1,110.0,76.9,False,126.3
SCENARIO_5_Clear_Fraud_0096_r1.json,tax,5,1,1,True,30.0,70.0,40.0,False,92.4
SCENARIO_2_Clear_Fraud_0030_r1.json,tax,2,1,1,True,27.1,30.0,2.8999999999999986,False,168.9
SCENARIO_4_Clear_Fraud_0070_r1.json,tax,4,1,0,False,20.1,,,False,90.8
SCENARIO_6_Clear_Fraud_0115_r1.json,romance,6,1,1,True,25.0,40.0,15.0,False,78.2
SCENARIO_6_Clear_Fraud_0105_r1.json,romance,6,1,1,True,35.1,40.0,4.899999999999999,False,214.1
SCENARIO_7_Clear_Fraud_0138_r1.json,charity,7,0,1,False,,40.0,,False,79.2
SCENARIO_7_Clear_Fraud_0128_r1.json,charity,7,1,1,True,45.0,50.0,5.0,False,141.2
SCENARIO_3_Clear_Fraud_0050_r1.json,tax,3,1,1,True,25.0,40.0,15.0,False,118.2
SCENARIO_10_Clear_Fraud_0194_r1.json,tax,10,1,1,True,45.8,50.0,4.200000000000003,False,94.5
SCENARIO_10_Clear_Fraud_0184_r1.json,tax,10,1,1,True,49.5,20.0,-29.5,True,138.2
SCENARIO_9_Subtle_Fraud_0167_r1.json,tax,9,1,1,True,95.0,110.0,15.0,False,215.0
SCENARIO_9_Subtle_Fraud_0177_r1.json,tax,9,1,0,False,40.0,,,False,138.4
SCENARIO_8_Clear_Fraud_0147_r1.json,crypto,8,1,1,True,38.1,140.0,101.9,False,144.7
SCENARIO_8_Clear_Fraud_0157_r1.json,crypto,8,1,1,True,40.8,110.0,69.2,False,112.9
SCENARIO_7_Clear_Fraud_0133_r1.json,charity,7,1,1,True,40.0,40.0,0.0,True,73.5
SCENARIO_7_Clear_Fraud_0123_r1.json,charity,7,1,1,True,35.0,10.0,-25.0,True,140.0
SCENARIO_4_Clear_Fraud_0062_r1.json,tax,4,1,1,True,46.3,20.0,-26.299999999999997,True,210.7
SCENARIO_4_Clear_Fraud_0072_r1.json,tax,4,1,0,False,30.0,10.0,-20.0,True,70.0
SCENARIO_2_Clear_Fraud_0040_r1.json,tax,2,1,1,True,25.0,40.0,15.0,False,129.2
SCENARIO_6_Clear_Fraud_0107_r1.json,romance,6,1,1,True,38.1,30.0,-8.100000000000001,True,118.2
SCENARIO_6_Clear_Fraud_0117_r1.json,romance,6,1,1,True,35.0,10.0,-25.0,True,175.0
SCENARIO_5_Clear_Fraud_0094_r1.json,tax,5,1,1,True,32.1,140.0,107.9,False,165.8
SCENARIO_5_Clear_Fraud_0084_r1.json,tax,5,1,1,True,28.1,20.0,-8.100000000000001,True,124.5
SCENARIO_1_Clear_Fraud_0002_r1.json,tax,1,1,1,True,30.1,40.0,9.899999999999999,False,190.4
SCENARIO_1_Clear_Fraud_0012_r1.json,tax,1,1,1,True,20.0,30.0,10.0,False,102.8
SCENARIO_2_Clear_Fraud_0032_r1.json,tax,2,1,1,True,25.0,20.0,-5.0,True,71.7
SCENARIO_2_Clear_Fraud_0022_r1.json,tax,2,1,1,True,30.0,20.0,-10.0,True,204.8
SCENARIO_3_Clear_Fraud_0042_r1.json,tax,3,1,1,True,30.0,20.0,-10.0,True,171.4
SCENARIO_3_Clear_Fraud_0052_r1.json,tax,3,1,1,True,30.0,20.0,-10.0,True,175.5
SCENARIO_6_Clear_Fraud_0116_r1.json,romance,6,1,1,True,35.0,40.0,5.0,False,255.0
SCENARIO_6_Clear_Fraud_0106_r1.json,romance,6,1,1,True,30.0,40.0,10.0,False,110.2
SCENARIO_4_Clear_Fraud_0073_r1.json,tax,4,1,0,False,35.1,,,False,155.6
SCENARIO_4_Clear_Fraud_0063_r1.json,tax,4,1,1,True,30.0,30.0,0.0,True,80.0
SCENARIO_2_Clear_Fraud_0023_r1.json,tax,2,1,1,True,37.1,20.0,-17.1,True,130.2
SCENARIO_2_Clear_Fraud_0033_r1.json,tax,2,1,1,True,30.0,20.0,-10.0,True,129.3
SCENARIO_5_Clear_Fraud_0085_r1.json,tax,5,1,1,True,38.1,100.0,61.9,False,197.5
SCENARIO_5_Clear_Fraud_0095_r1.json,tax,5,1,1,True,17.1,50.0,32.9,False,63.1
SCENARIO_1_Clear_Fraud_0013_r1.json,tax,1,1,1,True,40.0,30.0,-10.0,True,124.6
SCENARIO_1_Clear_Fraud_0003_r1.json,tax,1,1,1,True,30.0,10.0,-20.0,True,100.0
SCENARIO_3_Clear_Fraud_0053_r1.json,tax,3,1,1,True,64.3,70.0,5.700000000000003,False,221.8
SCENARIO_3_Clear_Fraud_0043_r1.json,tax,3,1,1,True,36.1,20.0,-16.1,True,130.6
SCENARIO_8_Clear_Fraud_0160_r1.json,crypto,8,0,0,True,,,,False,95.8
SCENARIO_10_Clear_Fraud_0185_r1.json,tax,10,1,0,False,70.3,,,False,275.4
SCENARIO_10_Clear_Fraud_0195_r1.json,tax,10,1,1,True,55.0,70.0,15.0,False,94.8
SCENARIO_7_Clear_Fraud_0140_r1.json,charity,7,0,1,False,,40.0,,False,179.8
SCENARIO_8_Clear_Fraud_0156_r1.json,crypto,8,1,1,True,40.0,90.0,50.0,False,128.2
SCENARIO_8_Clear_Fraud_0146_r1.json,crypto,8,1,1,True,50.0,110.0,60.0,False,140.0
SCENARIO_7_Clear_Fraud_0122_r1.json,charity,7,1,1,True,30.1,20.0,-10.100000000000001,True,114.2
SCENARIO_7_Clear_Fraud_0132_r1.json,charity,7,1,1,True,40.0,60.0,20.0,False,120.5
SCENARIO_9_Subtle_Fraud_0176_r1.json,tax,9,1,1,True,59.9,140.0,80.1,False,189.0
SCENARIO_9_Subtle_Fraud_0166_r1.json,tax,9,1,1,True,50.8,80.0,29.200000000000003,False,120.5
SCENARIO_5_Clear_Fraud_0100_r1.json,tax,5,0,0,True,,,,False,164.5
SCENARIO_6_Clear_Fraud_0120_r1.json,romance,6,1,1,True,30.1,40.0,9.899999999999999,False,124.2
SCENARIO_1_Clear_Fraud_0020_r1.json,tax,1,1,1,True,20.0,20.0,0.0,True,68.5
SCENARIO_10_Clear_Fraud_0190_r1.json,tax,10,1,0,False,33.9,,,False,208.4
SCENARIO_5_Clear_Fraud_0089_r1.json,tax,5,1,1,True,30.0,100.0,70.0,False,104.2
SCENARIO_5_Clear_Fraud_0099_r1.json,tax,5,1,1,True,40.0,30.0,-10.0,True,94.5
SCENARIO_7_Clear_Fraud_0137_r1.json,charity,7,1,1,True,60.0,60.0,0.0,True,142.9
SCENARIO_7_Clear_Fraud_0127_r1.json,charity,7,1,1,True,41.1,50.0,8.899999999999999,False,128.2
SCENARIO_8_Clear_Fraud_0143_r1.json,crypto,8,1,1,True,37.1,80.0,42.9,False,120.5
SCENARIO_8_Clear_Fraud_0153_r1.json,crypto,8,1,1,True,45.0,80.0,35.0,False,105.2
SCENARIO_3_Clear_Fraud_0060_r1.json,tax,3,1,1,True,40.0,20.0,-20.0,True,118.2
SCENARIO_9_Subtle_Fraud_0163_r1.json,tax,9,1,1,True,45.0,10.0,-35.0,True,134.0
SCENARIO_9_Subtle_Fraud_0173_r1.json,tax,9,1,1,True,42.2,100.0,57.8,False,110.4
SCENARIO_3_Clear_Fraud_0046_r1.json,tax,3,1,1,True,25.0,30.0,5.0,False,92.1
SCENARIO_3_Clear_Fraud_0056_r1.json,tax,3,1,1,True,30.0,30.0,0.0,True,115.0
SCENARIO_6_Clear_Fraud_0103_r1.json,romance,6,1,1,True,37.1,20.0,-17.1,True,138.9
SCENARIO_6_Clear_Fraud_0113_r1.json,romance,6,1,1,True,32.0,40.0,8.0,False,276.0
SCENARIO_4_Clear_Fraud_0066_r1.json,tax,4,1,0,False,30.0,,,False,113.0
SCENARIO_4_Clear_Fraud_0076_r1.json,tax,4,1,0,False,25.0,30.0,5.0,False,105.2
SCENARIO_10_Clear_Fraud_0189_r1.json,tax,10,1,1,True,49.2,20.0,-29.200000000000003,True,79.8
SCENARIO_2_Clear_Fraud_0036_r1.json,tax,2,1,1,True,30.0,20.0,-10.0,True,134.2
SCENARIO_10_Clear_Fraud_0199_r1.json,tax,10,0,1,False,,30.0,,False,130.8
SCENARIO_2_Clear_Fraud_0026_r1.json,tax,2,1,1,True,31.1,20.0,-11.100000000000001,True,130.9
SCENARIO_1_Clear_Fraud_0006_r1.json,tax,1,1,1,True,30.0,20.0,-10.0,True,105.0
SCENARIO_1_Clear_Fraud_0016_r1.json,tax,1,1,1,True,40.0,20.0,-20.0,True,127.2
SCENARIO_5_Clear_Fraud_0090_r1.json,tax,5,1,1,True,23.0,110.0,87.0,False,170.0
SCENARIO_3_Clear_Fraud_0057_r1.json,tax,3,1,1,True,30.8,40.0,9.2,False,186.0
SCENARIO_3_Clear_Fraud_0047_r1.json,tax,3,1,1,True,64.3,40.0,-24.299999999999997,True,172.1
SCENARIO_4_Clear_Fraud_0077_r1.json,tax,4,1,1,True,25.0,30.0,5.0,False,84.6
SCENARIO_4_Clear_Fraud_0067_r1.json,tax,4,1,1,True,30.0,130.0,100.0,False,141.2
SCENARIO_6_Clear_Fraud_0112_r1.json,romance,6,1,1,True,25.0,20.0,-5.0,True,95.1
SCENARIO_6_Clear_Fraud_0102_r1.json,romance,6,1,1,True,50.0,10.0,-40.0,True,200.0
SCENARIO_1_Clear_Fraud_0017_r1.json,tax,1,1,1,True,37.1,20.0,-17.1,True,226.9
SCENARIO_1_Clear_Fraud_0007_r1.json,tax,1,1,1,True,20.0,30.0,10.0,False,74.2
SCENARIO_5_Clear_Fraud_0081_r1.json,tax,5,1,1,True,35.0,110.0,75.0,False,248.0
SCENARIO_5_Clear_Fraud_0091_r1.json,tax,5,1,1,True,30.0,80.0,50.0,False,92.5
SCENARIO_2_Clear_Fraud_0027_r1.json,tax,2,1,1,True,30.0,40.0,10.0,False,109.8
SCENARIO_10_Clear_Fraud_0198_r1.json,tax,10,1,0,False,36.1,,,False,125.2
SCENARIO_2_Clear_Fraud_0037_r1.json,tax,2,1,1,True,30.0,20.0,-10.0,True,105.0
SCENARIO_10_Clear_Fraud_0188_r1.json,tax,10,1,0,False,89.2,,,False,263.5
SCENARIO_5_Clear_Fraud_0098_r1.json,tax,5,0,0,True,,,,False,336.0
SCENARIO_5_Clear_Fraud_0088_r1.json,tax,5,1,1,True,54.8,100.0,45.2,False,150.2
SCENARIO_10_Clear_Fraud_0181_r1.json,tax,10,1,0,False,40.0,40.0,0.0,True,88.5
SCENARIO_10_Clear_Fraud_0191_r1.json,tax,10,1,1,True,64.2,70.0,5.799999999999997,False,223.9
SCENARIO_9_Subtle_Fraud_0172_r1.json,tax,9,1,1,True,23.5,110.0,86.5,False,153.2
SCENARIO_9_Subtle_Fraud_0162_r1.json,tax,9,1,1,True,40.0,20.0,-20.0,True,101.1
SCENARIO_7_Clear_Fraud_0126_r1.json,charity,7,1,1,True,60.0,70.0,10.0,False,140.2
SCENARIO_7_Clear_Fraud_0136_r1.json,charity,7,1,1,True,40.0,50.0,10.0,False,131.4
SCENARIO_8_Clear_Fraud_0152_r1.json,crypto,8,1,0,False,90.1,,,False,176.5
SCENARIO_8_Clear_Fraud_0142_r1.json,crypto,8,1,1,True,30.1,20.0,-10.100000000000001,True,132.9
SCENARIO_3_Clear_Fraud_0045_r1.json,tax,3,1,1,True,32.1,40.0,7.899999999999999,False,128.5
SCENARIO_3_Clear_Fraud_0055_r1.json,tax,3,1,1,True,30.0,20.0,-10.0,True,56.8
SCENARIO_5_Clear_Fraud_0093_r1.json,tax,5,1,1,True,30.1,130.0,99.9,False,149.9
SCENARIO_5_Clear_Fraud_0083_r1.json,tax,5,1,1,True,35.8,80.0,44.2,False,125.6
SCENARIO_1_Clear_Fraud_0005_r1.json,tax,1,1,1,True,35.1,40.0,4.899999999999999,False,219.8
SCENARIO_1_Clear_Fraud_0015_r1.json,tax,1,1,1,True,40.0,40.0,0.0,True,141.2
SCENARIO_2_Clear_Fraud_0035_r1.json,tax,2,1,1,True,40.0,70.0,30.0,False,161.1
SCENARIO_2_Clear_Fraud_0025_r1.json,tax,2,1,1,True,71.8,20.0,-51.8,True,280.1
SCENARIO_9_Subtle_Fraud_0179_r1.json,tax,9,1,1,True,62.8,20.0,-42.8,True,143.1
SCENARIO_9_Subtle_Fraud_0169_r1.json,tax,9,1,1,True,45.0,110.0,65.0,False,132.1
SCENARIO_4_Clear_Fraud_0065_r1.json,tax,4,1,0,False,20.0,,,False,56.5
SCENARIO_4_Clear_Fraud_0075_r1.json,tax,4,1,0,False,25.0,20.0,-5.0,True,92.8
SCENARIO_8_Clear_Fraud_0159_r1.json,crypto,8,1,1,True,77.3,50.0,-27.299999999999997,True,170.9
SCENARIO_8_Clear_Fraud_0149_r1.json,crypto,8,1,0,False,65.2,,,False,215.6
SCENARIO_6_Clear_Fraud_0110_r1.json,romance,6,1,1,True,35.1,40.0,4.899999999999999,False,180.2
SCENARIO_9_Subtle_Fraud_0170_r1.json,tax,9,1,1,True,40.0,67.0,27.0,False,67.0
SCENARIO_8_Clear_Fraud_0150_r1.json,crypto,8,1,0,False,40.0,,,False,123.4
SCENARIO_6_Clear_Fraud_0119_r1.json,romance,6,1,1,True,45.0,30.0,-15.0,True,110.8
SCENARIO_6_Clear_Fraud_0109_r1.json,romance,6,1,1,True,40.0,40.0,0.0,True,110.0
SCENARIO_7_Clear_Fraud_0134_r1.json,charity,7,1,1,True,52.8,60.0,7.200000000000003,False,151.4
SCENARIO_7_Clear_Fraud_0124_r1.json,charity,7,1,1,True,32.4,10.0,-22.4,True,138.1
SCENARIO_10_Clear_Fraud_0193_r1.json,tax,10,1,1,True,20.0,30.0,10.0,False,64.1
SCENARIO_10_Clear_Fraud_0183_r1.json,tax,10,1,1,True,40.0,10.0,-30.0,True,55.0
SCENARIO_10_Clear_Fraud_0200_r1.json,tax,10,0,1,False,,110.0,,False,162.2
SCENARIO_8_Clear_Fraud_0151_r1.json,crypto,8,1,0,False,50.0,,,False,95.8
SCENARIO_8_Clear_Fraud_0141_r1.json,crypto,8,1,1,True,30.0,10.0,-20.0,True,110.5
SCENARIO_7_Clear_Fraud_0125_r1.json,charity,7,1,1,True,45.0,40.0,-5.0,True,114.1
SCENARIO_7_Clear_Fraud_0135_r1.json,charity,7,1,1,True,59.4,60.0,0.6000000000000014,False,149.8
SCENARIO_6_Clear_Fraud_0108_r1.json,romance,6,1,1,True,49.3,40.0,-9.299999999999997,True,160.8
SCENARIO_6_Clear_Fraud_0118_r1.json,romance,6,1,1,True,39.4,20.0,-19.4,True,190.8
SCENARIO_9_Subtle_Fraud_0171_r1.json,tax,9,1,1,True,96.5,150.0,53.5,False,188.1
SCENARIO_9_Subtle_Fraud_0161_r1.json,tax,9,1,1,True,45.0,20.0,-25.0,True,139.2
SCENARIO_10_Clear_Fraud_0182_r1.json,tax,10,1,0,False,30.1,,,False,67.2
SCENARIO_10_Clear_Fraud_0192_r1.json,tax,10,1,0,False,60.4,,,False,185.6
SCENARIO_4_Clear_Fraud_0080_r1.json,tax,4,1,1,True,70.0,150.0,80.0,False,180.0
SCENARIO_3_Clear_Fraud_0054_r1.json,tax,3,1,1,True,50.0,50.0,0.0,True,210.0
SCENARIO_3_Clear_Fraud_0044_r1.json,tax,3,1,1,True,20.0,10.0,-10.0,True,66.8
SCENARIO_2_Clear_Fraud_0024_r1.json,tax,2,1,1,True,25.0,10.0,-15.0,True,205.0
SCENARIO_2_Clear_Fraud_0034_r1.json,tax,2,1,1,True,25.1,30.0,4.899999999999999,False,135.6
SCENARIO_5_Clear_Fraud_0082_r1.json,tax,5,1,1,True,30.1,110.0,79.9,False,130.2
SCENARIO_5_Clear_Fraud_0092_r1.json,tax,5,1,1,True,30.0,79.2,49.2,False,79.2
SCENARIO_1_Clear_Fraud_0014_r1.json,tax,1,1,1,True,40.0,20.0,-20.0,True,136.8
SCENARIO_1_Clear_Fraud_0004_r1.json,tax,1,1,1,True,38.1,20.0,-18.1,True,195.4
SCENARIO_8_Clear_Fraud_0148_r1.json,crypto,8,1,1,True,40.0,100.0,60.0,False,136.1
SCENARIO_8_Clear_Fraud_0158_r1.json,crypto,8,0,0,True,,,,False,132.5
SCENARIO_6_Clear_Fraud_0111_r1.json,romance,6,1,1,True,35.0,10.0,-25.0,True,155.0
SCENARIO_6_Clear_Fraud_0101_r1.json,romance,6,1,1,True,40.8,20.0,-20.799999999999997,True,167.1
SCENARIO_4_Clear_Fraud_0074_r1.json,tax,4,1,0,False,25.0,,,False,72.0
SCENARIO_4_Clear_Fraud_0064_r1.json,tax,4,1,1,True,30.0,90.0,60.0,False,150.0
SCENARIO_9_Subtle_Fraud_0168_r1.json,tax,9,1,1,True,56.8,90.0,33.2,False,171.8
SCENARIO_9_Subtle_Fraud_0178_r1.json,tax,9,0,1,False,,30.0,,False,143.2
